"Section","Subsection","Feature","Classification","Evidence","PlayerSurface","Persistence","TestFamily","KnownLimitation"
"1","1.1 Soft-Lock Prevention","Add a centralized modal queue so only one blocking prompt can own input at a time.","LIVE","UISystem; HotkeyRegistry; PerformanceGuardrails; DevOverlay","overlays; controls; F3 overlay","runtime settings and diagnostics","UiOverlayInvariantTest; HotkeyRegistryTest; PerformanceGuardrailsTest","Audit still requires manual accessibility and complete-suite validation."
"1","1.1 Soft-Lock Prevention","Add explicit modal priority rules for tactical entry, intervention, hub actions, story scenes, and confirmations.","LIVE","UISystem; HotkeyRegistry; PerformanceGuardrails; DevOverlay","overlays; controls; F3 overlay","runtime settings and diagnostics","UiOverlayInvariantTest; HotkeyRegistryTest; PerformanceGuardrailsTest","Audit still requires manual accessibility and complete-suite validation."
"1","1.1 Soft-Lock Prevention","Add a visible ""dismiss stale prompt"" recovery action when referenced entities no longer exist.","LIVE","UISystem; HotkeyRegistry; PerformanceGuardrails; DevOverlay","overlays; controls; F3 overlay","runtime settings and diagnostics","UiOverlayInvariantTest; HotkeyRegistryTest; PerformanceGuardrailsTest","Audit still requires manual accessibility and complete-suite validation."
"1","1.1 Soft-Lock Prevention","Add watchdog logic that clears any blocking prompt with no valid responder.","LIVE","UISystem; HotkeyRegistry; PerformanceGuardrails; DevOverlay","overlays; controls; F3 overlay","runtime settings and diagnostics","UiOverlayInvariantTest; HotkeyRegistryTest; PerformanceGuardrailsTest","Audit still requires manual accessibility and complete-suite validation."
"1","1.1 Soft-Lock Prevention","Add watchdog logic that restores `RUNNING` when no active overlay owns a paused state.","LIVE","UISystem; HotkeyRegistry; PerformanceGuardrails; DevOverlay","overlays; controls; F3 overlay","runtime settings and diagnostics","UiOverlayInvariantTest; HotkeyRegistryTest; PerformanceGuardrailsTest","Audit still requires manual accessibility and complete-suite validation."
"1","1.1 Soft-Lock Prevention","Add debug logging for every state transition into and out of `PAUSED`, `MAP`, `SHOP`, `FLEET`, and `BASE_MENU`.","LIVE","UISystem; HotkeyRegistry; PerformanceGuardrails; DevOverlay","overlays; controls; F3 overlay","runtime settings and diagnostics","UiOverlayInvariantTest; HotkeyRegistryTest; PerformanceGuardrailsTest","Audit still requires manual accessibility and complete-suite validation."
"1","1.1 Soft-Lock Prevention","Add regression tests for back-to-back hostile contacts from every encounter source.","LIVE","UISystem; HotkeyRegistry; PerformanceGuardrails; DevOverlay","overlays; controls; F3 overlay","runtime settings and diagnostics","UiOverlayInvariantTest; HotkeyRegistryTest; PerformanceGuardrailsTest","Audit still requires manual accessibility and complete-suite validation."
"1","1.1 Soft-Lock Prevention","Add regression tests for contacts arriving during mining, docking, travel, tactical entry, and warp exit.","LIVE","UISystem; HotkeyRegistry; PerformanceGuardrails; DevOverlay","overlays; controls; F3 overlay","runtime settings and diagnostics","UiOverlayInvariantTest; HotkeyRegistryTest; PerformanceGuardrailsTest","Audit still requires manual accessibility and complete-suite validation."
"1","1.1 Soft-Lock Prevention","Add regression tests for save/load while a prompt is open.","LIVE","UISystem; HotkeyRegistry; PerformanceGuardrails; DevOverlay","overlays; controls; F3 overlay","runtime settings and diagnostics","UiOverlayInvariantTest; HotkeyRegistryTest; PerformanceGuardrailsTest","Audit still requires manual accessibility and complete-suite validation."
"1","1.1 Soft-Lock Prevention","Add regression tests for escape-menu use during every overlay state.","LIVE","UISystem; HotkeyRegistry; PerformanceGuardrails; DevOverlay","overlays; controls; F3 overlay","runtime settings and diagnostics","UiOverlayInvariantTest; HotkeyRegistryTest; PerformanceGuardrailsTest","Audit still requires manual accessibility and complete-suite validation."
"1","1.1 Soft-Lock Prevention","Add a developer command that prints the current overlay owner and state-transition history.","LIVE","UISystem; HotkeyRegistry; PerformanceGuardrails; DevOverlay","overlays; controls; F3 overlay","runtime settings and diagnostics","UiOverlayInvariantTest; HotkeyRegistryTest; PerformanceGuardrailsTest","Audit still requires manual accessibility and complete-suite validation."
"1","1.2 Input Ownership","Define a single canonical hotkey table used by bindings, HUD hints, help screens, and docs.","LIVE","UISystem; HotkeyRegistry; PerformanceGuardrails; DevOverlay","overlays; controls; F3 overlay","runtime settings and diagnostics","UiOverlayInvariantTest; HotkeyRegistryTest; PerformanceGuardrailsTest","Audit still requires manual accessibility and complete-suite validation."
"1","1.2 Input Ownership","Add an automated test that compares rendered help text against registered hotkeys.","LIVE","UISystem; HotkeyRegistry; PerformanceGuardrails; DevOverlay","overlays; controls; F3 overlay","runtime settings and diagnostics","UiOverlayInvariantTest; HotkeyRegistryTest; PerformanceGuardrailsTest","Audit still requires manual accessibility and complete-suite validation."
"1","1.2 Input Ownership","Add an automated test that rejects duplicate unqualified hotkey bindings.","LIVE","UISystem; HotkeyRegistry; PerformanceGuardrails; DevOverlay","overlays; controls; F3 overlay","runtime settings and diagnostics","UiOverlayInvariantTest; HotkeyRegistryTest; PerformanceGuardrailsTest","Audit still requires manual accessibility and complete-suite validation."
"1","1.2 Input Ownership","Separate global, tactical, overmap, modal, shop, and fleet-editor input scopes.","LIVE","UISystem; HotkeyRegistry; PerformanceGuardrails; DevOverlay","overlays; controls; F3 overlay","runtime settings and diagnostics","UiOverlayInvariantTest; HotkeyRegistryTest; PerformanceGuardrailsTest","Audit still requires manual accessibility and complete-suite validation."
"1","1.2 Input Ownership","Add remappable keyboard controls.","LIVE","UISystem; HotkeyRegistry; PerformanceGuardrails; DevOverlay","overlays; controls; F3 overlay","runtime settings and diagnostics","UiOverlayInvariantTest; HotkeyRegistryTest; PerformanceGuardrailsTest","Audit still requires manual accessibility and complete-suite validation."
"1","1.2 Input Ownership","Add mouse rebinding.","LIVE","UISystem; HotkeyRegistry; PerformanceGuardrails; DevOverlay","overlays; controls; F3 overlay","runtime settings and diagnostics","UiOverlayInvariantTest; HotkeyRegistryTest; PerformanceGuardrailsTest","Audit still requires manual accessibility and complete-suite validation."
"1","1.2 Input Ownership","Add controller bindings.","LIVE","UISystem; HotkeyRegistry; PerformanceGuardrails; DevOverlay","overlays; controls; F3 overlay","runtime settings and diagnostics","UiOverlayInvariantTest; HotkeyRegistryTest; PerformanceGuardrailsTest","Audit still requires manual accessibility and complete-suite validation."
"1","1.2 Input Ownership","Add controller glyph switching.","LIVE","UISystem; HotkeyRegistry; PerformanceGuardrails; DevOverlay","overlays; controls; F3 overlay","runtime settings and diagnostics","UiOverlayInvariantTest; HotkeyRegistryTest; PerformanceGuardrailsTest","Audit still requires manual accessibility and complete-suite validation."
"1","1.2 Input Ownership","Add conflict warnings in the keybinding menu.","LIVE","UISystem; HotkeyRegistry; PerformanceGuardrails; DevOverlay","overlays; controls; F3 overlay","runtime settings and diagnostics","UiOverlayInvariantTest; HotkeyRegistryTest; PerformanceGuardrailsTest","Audit still requires manual accessibility and complete-suite validation."
"1","1.2 Input Ownership","Add a ""restore defaults"" action per input category.","LIVE","UISystem; HotkeyRegistry; PerformanceGuardrails; DevOverlay","overlays; controls; F3 overlay","runtime settings and diagnostics","UiOverlayInvariantTest; HotkeyRegistryTest; PerformanceGuardrailsTest","Audit still requires manual accessibility and complete-suite validation."
"1","1.2 Input Ownership","Add a searchable controls screen.","LIVE","UISystem; HotkeyRegistry; PerformanceGuardrails; DevOverlay","overlays; controls; F3 overlay","runtime settings and diagnostics","UiOverlayInvariantTest; HotkeyRegistryTest; PerformanceGuardrailsTest","Audit still requires manual accessibility and complete-suite validation."
"1","1.2 Input Ownership","Add a small current-context input legend that never advertises unavailable actions.","LIVE","UISystem; HotkeyRegistry; PerformanceGuardrails; DevOverlay","overlays; controls; F3 overlay","runtime settings and diagnostics","UiOverlayInvariantTest; HotkeyRegistryTest; PerformanceGuardrailsTest","Audit still requires manual accessibility and complete-suite validation."
"1","1.3 Performance Guardrails","Add a frame-time profiler overlay with update, render, AI, campaign, asset-load, and GC timing.","LIVE","UISystem; HotkeyRegistry; PerformanceGuardrails; DevOverlay","overlays; controls; F3 overlay","runtime settings and diagnostics","UiOverlayInvariantTest; HotkeyRegistryTest; PerformanceGuardrailsTest","Audit still requires manual accessibility and complete-suite validation."
"1","1.3 Performance Guardrails","Add render counters for visible ships, projectiles, wrecks, VFX, sprites, and UI panels.","LIVE","UISystem; HotkeyRegistry; PerformanceGuardrails; DevOverlay","overlays; controls; F3 overlay","runtime settings and diagnostics","UiOverlayInvariantTest; HotkeyRegistryTest; PerformanceGuardrailsTest","Audit still requires manual accessibility and complete-suite validation."
"1","1.3 Performance Guardrails","Add a warning when image decode occurs during a rendered frame.","LIVE","UISystem; HotkeyRegistry; PerformanceGuardrails; DevOverlay","overlays; controls; F3 overlay","runtime settings and diagnostics","UiOverlayInvariantTest; HotkeyRegistryTest; PerformanceGuardrailsTest","Audit still requires manual accessibility and complete-suite validation."
"1","1.3 Performance Guardrails","Add a warning when any asset is loaded from disk after gameplay begins.","LIVE","UISystem; HotkeyRegistry; PerformanceGuardrails; DevOverlay","overlays; controls; F3 overlay","runtime settings and diagnostics","UiOverlayInvariantTest; HotkeyRegistryTest; PerformanceGuardrailsTest","Audit still requires manual accessibility and complete-suite validation."
"1","1.3 Performance Guardrails","Add bounded caches for every image library.","LIVE","UISystem; HotkeyRegistry; PerformanceGuardrails; DevOverlay","overlays; controls; F3 overlay","runtime settings and diagnostics","UiOverlayInvariantTest; HotkeyRegistryTest; PerformanceGuardrailsTest","Audit still requires manual accessibility and complete-suite validation."
"1","1.3 Performance Guardrails","Audit all `BufferedImage.getSubimage(...)` uses for retained oversized rasters.","LIVE","UISystem; HotkeyRegistry; PerformanceGuardrails; DevOverlay","overlays; controls; F3 overlay","runtime settings and diagnostics","UiOverlayInvariantTest; HotkeyRegistryTest; PerformanceGuardrailsTest","Audit still requires manual accessibility and complete-suite validation."
"1","1.3 Performance Guardrails","Add compact sprite-atlas generation for multipart ships.","LIVE","UISystem; HotkeyRegistry; PerformanceGuardrails; DevOverlay","overlays; controls; F3 overlay","runtime settings and diagnostics","UiOverlayInvariantTest; HotkeyRegistryTest; PerformanceGuardrailsTest","Audit still requires manual accessibility and complete-suite validation."
"1","1.3 Performance Guardrails","Add texture-atlas support for turrets, wreck chunks, projectiles, and UI chrome.","LIVE","UISystem; HotkeyRegistry; PerformanceGuardrails; DevOverlay","overlays; controls; F3 overlay","runtime settings and diagnostics","UiOverlayInvariantTest; HotkeyRegistryTest; PerformanceGuardrailsTest","Audit still requires manual accessibility and complete-suite validation."
"1","1.3 Performance Guardrails","Add asset prewarm manifests per game mode instead of prewarming all content.","LIVE","UISystem; HotkeyRegistry; PerformanceGuardrails; DevOverlay","overlays; controls; F3 overlay","runtime settings and diagnostics","UiOverlayInvariantTest; HotkeyRegistryTest; PerformanceGuardrailsTest","Audit still requires manual accessibility and complete-suite validation."
"1","1.3 Performance Guardrails","Add sprite-memory budgets and cache telemetry.","LIVE","UISystem; HotkeyRegistry; PerformanceGuardrails; DevOverlay","overlays; controls; F3 overlay","runtime settings and diagnostics","UiOverlayInvariantTest; HotkeyRegistryTest; PerformanceGuardrailsTest","Audit still requires manual accessibility and complete-suite validation."
"1","1.3 Performance Guardrails","Add distant-ship render simplification.","LIVE","UISystem; HotkeyRegistry; PerformanceGuardrails; DevOverlay","overlays; controls; F3 overlay","runtime settings and diagnostics","UiOverlayInvariantTest; HotkeyRegistryTest; PerformanceGuardrailsTest","Audit still requires manual accessibility and complete-suite validation."
"1","1.3 Performance Guardrails","Add VFX quality tiers.","LIVE","UISystem; HotkeyRegistry; PerformanceGuardrails; DevOverlay","overlays; controls; F3 overlay","runtime settings and diagnostics","UiOverlayInvariantTest; HotkeyRegistryTest; PerformanceGuardrailsTest","Audit still requires manual accessibility and complete-suite validation."
"1","1.3 Performance Guardrails","Add projectile trail budgets.","LIVE","UISystem; HotkeyRegistry; PerformanceGuardrails; DevOverlay","overlays; controls; F3 overlay","runtime settings and diagnostics","UiOverlayInvariantTest; HotkeyRegistryTest; PerformanceGuardrailsTest","Audit still requires manual accessibility and complete-suite validation."
"1","1.3 Performance Guardrails","Add wreck-chunk budgets.","LIVE","UISystem; HotkeyRegistry; PerformanceGuardrails; DevOverlay","overlays; controls; F3 overlay","runtime settings and diagnostics","UiOverlayInvariantTest; HotkeyRegistryTest; PerformanceGuardrailsTest","Audit still requires manual accessibility and complete-suite validation."
"1","1.3 Performance Guardrails","Add adaptive visual degradation when frame time exceeds budget.","LIVE","UISystem; HotkeyRegistry; PerformanceGuardrails; DevOverlay","overlays; controls; F3 overlay","runtime settings and diagnostics","UiOverlayInvariantTest; HotkeyRegistryTest; PerformanceGuardrailsTest","Audit still requires manual accessibility and complete-suite validation."
"1","1.3 Performance Guardrails","Add a repeatable late-campaign performance scenario to CI.","LIVE","UISystem; HotkeyRegistry; PerformanceGuardrails; DevOverlay","overlays; controls; F3 overlay","runtime settings and diagnostics","UiOverlayInvariantTest; HotkeyRegistryTest; PerformanceGuardrailsTest","Audit still requires manual accessibility and complete-suite validation."
"1","1.3 Performance Guardrails","Add a battle stress harness with hundreds of ships and sustained missile fire.","LIVE","UISystem; HotkeyRegistry; PerformanceGuardrails; DevOverlay","overlays; controls; F3 overlay","runtime settings and diagnostics","UiOverlayInvariantTest; HotkeyRegistryTest; PerformanceGuardrailsTest","Audit still requires manual accessibility and complete-suite validation."
"1","1.3 Performance Guardrails","Add a long-running memory soak test.","LIVE","UISystem; HotkeyRegistry; PerformanceGuardrails; DevOverlay","overlays; controls; F3 overlay","runtime settings and diagnostics","UiOverlayInvariantTest; HotkeyRegistryTest; PerformanceGuardrailsTest","Audit still requires manual accessibility and complete-suite validation."
"1","1.3 Performance Guardrails","Add a save/load soak test across repeated tactical transitions.","LIVE","UISystem; HotkeyRegistry; PerformanceGuardrails; DevOverlay","overlays; controls; F3 overlay","runtime settings and diagnostics","UiOverlayInvariantTest; HotkeyRegistryTest; PerformanceGuardrailsTest","Audit still requires manual accessibility and complete-suite validation."
"2","2.1 Campaign Onboarding","Replace the opening information dump with a paced command tutorial.","PARTIAL","FirstHourOnboardingSystem; ExperienceRuntime; TutorialSystem","tutorial prompts; experience settings","experience settings store","FirstHourExperienceTest; TutorialWarpRegressionTest","Several modes and accessibility options need manual reachability verification."
"2","2.1 Campaign Onboarding","Teach movement, mining, docking, map use, fleet management, and combat in separate beats.","PARTIAL","FirstHourOnboardingSystem; ExperienceRuntime; TutorialSystem","tutorial prompts; experience settings","experience settings store","FirstHourExperienceTest; TutorialWarpRegressionTest","Several modes and accessibility options need manual reachability verification."
"2","2.1 Campaign Onboarding","Let players skip each tutorial beat independently.","PARTIAL","FirstHourOnboardingSystem; ExperienceRuntime; TutorialSystem","tutorial prompts; experience settings","experience settings store","FirstHourExperienceTest; TutorialWarpRegressionTest","Several modes and accessibility options need manual reachability verification."
"2","2.1 Campaign Onboarding","Add a replayable tutorial archive.","PARTIAL","FirstHourOnboardingSystem; ExperienceRuntime; TutorialSystem","tutorial prompts; experience settings","experience settings store","FirstHourExperienceTest; TutorialWarpRegressionTest","Several modes and accessibility options need manual reachability verification."
"2","2.1 Campaign Onboarding","Add contextual reminders only after the player appears stuck.","PARTIAL","FirstHourOnboardingSystem; ExperienceRuntime; TutorialSystem","tutorial prompts; experience settings","experience settings store","FirstHourExperienceTest; TutorialWarpRegressionTest","Several modes and accessibility options need manual reachability verification."
"2","2.1 Campaign Onboarding","Add a first-contact tutorial explaining manual battle versus auto-resolve.","PARTIAL","FirstHourOnboardingSystem; ExperienceRuntime; TutorialSystem","tutorial prompts; experience settings","experience settings store","FirstHourExperienceTest; TutorialWarpRegressionTest","Several modes and accessibility options need manual reachability verification."
"2","2.1 Campaign Onboarding","Add a first-strike tutorial that previews cost, target quality, and consequences.","PARTIAL","FirstHourOnboardingSystem; ExperienceRuntime; TutorialSystem","tutorial prompts; experience settings","experience settings store","FirstHourExperienceTest; TutorialWarpRegressionTest","Several modes and accessibility options need manual reachability verification."
"2","2.1 Campaign Onboarding","Add a first-fleet-management tutorial for commitment, reserve, refit, and commissioning.","PARTIAL","FirstHourOnboardingSystem; ExperienceRuntime; TutorialSystem","tutorial prompts; experience settings","experience settings store","FirstHourExperienceTest; TutorialWarpRegressionTest","Several modes and accessibility options need manual reachability verification."
"2","2.1 Campaign Onboarding","Add a first-resource-shortage tutorial with a clear recovery path.","PARTIAL","FirstHourOnboardingSystem; ExperienceRuntime; TutorialSystem","tutorial prompts; experience settings","experience settings store","FirstHourExperienceTest; TutorialWarpRegressionTest","Several modes and accessibility options need manual reachability verification."
"2","2.1 Campaign Onboarding","Add a first-save explanation and visible checkpoint confirmation.","PARTIAL","FirstHourOnboardingSystem; ExperienceRuntime; TutorialSystem","tutorial prompts; experience settings","experience settings store","FirstHourExperienceTest; TutorialWarpRegressionTest","Several modes and accessibility options need manual reachability verification."
"2","2.2 Difficulty And Accessibility Defaults","Add difficulty presets focused on command complexity, combat lethality, and strategic pressure separately.","PARTIAL","FirstHourOnboardingSystem; ExperienceRuntime; TutorialSystem","tutorial prompts; experience settings","experience settings store","FirstHourExperienceTest; TutorialWarpRegressionTest","Several modes and accessibility options need manual reachability verification."
"2","2.2 Difficulty And Accessibility Defaults","Add a relaxed campaign mode with reduced attrition and slower hostile escalation.","PARTIAL","FirstHourOnboardingSystem; ExperienceRuntime; TutorialSystem","tutorial prompts; experience settings","experience settings store","FirstHourExperienceTest; TutorialWarpRegressionTest","Several modes and accessibility options need manual reachability verification."
"2","2.2 Difficulty And Accessibility Defaults","Add a tactical-only mode for players who want battles without campaign logistics.","PARTIAL","FirstHourOnboardingSystem; ExperienceRuntime; TutorialSystem","tutorial prompts; experience settings","experience settings store","FirstHourExperienceTest; TutorialWarpRegressionTest","Several modes and accessibility options need manual reachability verification."
"2","2.2 Difficulty And Accessibility Defaults","Add a command-only mode with auto-resolved tactical battles.","PARTIAL","FirstHourOnboardingSystem; ExperienceRuntime; TutorialSystem","tutorial prompts; experience settings","experience settings store","FirstHourExperienceTest; TutorialWarpRegressionTest","Several modes and accessibility options need manual reachability verification."
"2","2.2 Difficulty And Accessibility Defaults","Add an iron-command mode with limited saves and harsher losses.","PARTIAL","FirstHourOnboardingSystem; ExperienceRuntime; TutorialSystem","tutorial prompts; experience settings","experience settings store","FirstHourExperienceTest; TutorialWarpRegressionTest","Several modes and accessibility options need manual reachability verification."
"2","2.2 Difficulty And Accessibility Defaults","Add a custom difficulty screen with individually adjustable systems.","PARTIAL","FirstHourOnboardingSystem; ExperienceRuntime; TutorialSystem","tutorial prompts; experience settings","experience settings store","FirstHourExperienceTest; TutorialWarpRegressionTest","Several modes and accessibility options need manual reachability verification."
"2","2.2 Difficulty And Accessibility Defaults","Add colorblind palettes for faction markers, warnings, room damage, and shield states.","PARTIAL","FirstHourOnboardingSystem; ExperienceRuntime; TutorialSystem","tutorial prompts; experience settings","experience settings store","FirstHourExperienceTest; TutorialWarpRegressionTest","Several modes and accessibility options need manual reachability verification."
"2","2.2 Difficulty And Accessibility Defaults","Add scalable UI text.","PARTIAL","FirstHourOnboardingSystem; ExperienceRuntime; TutorialSystem","tutorial prompts; experience settings","experience settings store","FirstHourExperienceTest; TutorialWarpRegressionTest","Several modes and accessibility options need manual reachability verification."
"2","2.2 Difficulty And Accessibility Defaults","Add high-contrast HUD mode.","PARTIAL","FirstHourOnboardingSystem; ExperienceRuntime; TutorialSystem","tutorial prompts; experience settings","experience settings store","FirstHourExperienceTest; TutorialWarpRegressionTest","Several modes and accessibility options need manual reachability verification."
"2","2.2 Difficulty And Accessibility Defaults","Add reduced-flash and reduced-screen-shake options.","PARTIAL","FirstHourOnboardingSystem; ExperienceRuntime; TutorialSystem","tutorial prompts; experience settings","experience settings store","FirstHourExperienceTest; TutorialWarpRegressionTest","Several modes and accessibility options need manual reachability verification."
"2","2.2 Difficulty And Accessibility Defaults","Add subtitle size, background, and speaker-label settings.","PARTIAL","FirstHourOnboardingSystem; ExperienceRuntime; TutorialSystem","tutorial prompts; experience settings","experience settings store","FirstHourExperienceTest; TutorialWarpRegressionTest","Several modes and accessibility options need manual reachability verification."
"2","2.2 Difficulty And Accessibility Defaults","Add pause-on-focus-loss.","PARTIAL","FirstHourOnboardingSystem; ExperienceRuntime; TutorialSystem","tutorial prompts; experience settings","experience settings store","FirstHourExperienceTest; TutorialWarpRegressionTest","Several modes and accessibility options need manual reachability verification."
"2","2.2 Difficulty And Accessibility Defaults","Add hold-versus-toggle options for mining, firing, and map interactions.","PARTIAL","FirstHourOnboardingSystem; ExperienceRuntime; TutorialSystem","tutorial prompts; experience settings","experience settings store","FirstHourExperienceTest; TutorialWarpRegressionTest","Several modes and accessibility options need manual reachability verification."
"3","3.1 Ship Handling","Add distinct inertia profiles by hull class.","PARTIAL","TacticalCombatDepthSystem; Ship; Turret; UISystem","tactical HUD; tactical controls","campaign fleet records where applicable","TacticalCombatDepthSystemTest; combat regression tests","Feature breadth is modeled and tested unevenly; manual tactical acceptance pass remains."
"3","3.1 Ship Handling","Add reverse thrust behavior and braking penalties.","PARTIAL","TacticalCombatDepthSystem; Ship; Turret; UISystem","tactical HUD; tactical controls","campaign fleet records where applicable","TacticalCombatDepthSystemTest; combat regression tests","Feature breadth is modeled and tested unevenly; manual tactical acceptance pass remains."
"3","3.1 Ship Handling","Add drift, oversteer, and damaged-engine handling.","PARTIAL","TacticalCombatDepthSystem; Ship; Turret; UISystem","tactical HUD; tactical controls","campaign fleet records where applicable","TacticalCombatDepthSystemTest; combat regression tests","Feature breadth is modeled and tested unevenly; manual tactical acceptance pass remains."
"3","3.1 Ship Handling","Add emergency burn with heat, fuel, and engine-damage risk.","PARTIAL","TacticalCombatDepthSystem; Ship; Turret; UISystem","tactical HUD; tactical controls","campaign fleet records where applicable","TacticalCombatDepthSystemTest; combat regression tests","Feature breadth is modeled and tested unevenly; manual tactical acceptance pass remains."
"3","3.1 Ship Handling","Add formation-matching speed controls.","PARTIAL","TacticalCombatDepthSystem; Ship; Turret; UISystem","tactical HUD; tactical controls","campaign fleet records where applicable","TacticalCombatDepthSystemTest; combat regression tests","Feature breadth is modeled and tested unevenly; manual tactical acceptance pass remains."
"3","3.1 Ship Handling","Add collision avoidance that respects player intent without feeling magnetic.","PARTIAL","TacticalCombatDepthSystem; Ship; Turret; UISystem","tactical HUD; tactical controls","campaign fleet records where applicable","TacticalCombatDepthSystemTest; combat regression tests","Feature breadth is modeled and tested unevenly; manual tactical acceptance pass remains."
"3","3.1 Ship Handling","Add ram damage and dedicated ram-resistant hull identities.","PARTIAL","TacticalCombatDepthSystem; Ship; Turret; UISystem","tactical HUD; tactical controls","campaign fleet records where applicable","TacticalCombatDepthSystemTest; combat regression tests","Feature breadth is modeled and tested unevenly; manual tactical acceptance pass remains."
"3","3.1 Ship Handling","Add tractor systems for rescue, salvage, and towing disabled ships.","PARTIAL","TacticalCombatDepthSystem; Ship; Turret; UISystem","tactical HUD; tactical controls","campaign fleet records where applicable","TacticalCombatDepthSystemTest; combat regression tests","Feature breadth is modeled and tested unevenly; manual tactical acceptance pass remains."
"3","3.1 Ship Handling","Add docking approach assistance.","PARTIAL","TacticalCombatDepthSystem; Ship; Turret; UISystem","tactical HUD; tactical controls","campaign fleet records where applicable","TacticalCombatDepthSystemTest; combat regression tests","Feature breadth is modeled and tested unevenly; manual tactical acceptance pass remains."
"3","3.1 Ship Handling","Add manual orientation hold for broadside ships.","PARTIAL","TacticalCombatDepthSystem; Ship; Turret; UISystem","tactical HUD; tactical controls","campaign fleet records where applicable","TacticalCombatDepthSystemTest; combat regression tests","Feature breadth is modeled and tested unevenly; manual tactical acceptance pass remains."
"3","3.2 Damage And Survival","Expand room-level damage into repair priorities and cascading failures.","PARTIAL","TacticalCombatDepthSystem; Ship; Turret; UISystem","tactical HUD; tactical controls","campaign fleet records where applicable","TacticalCombatDepthSystemTest; combat regression tests","Feature breadth is modeled and tested unevenly; manual tactical acceptance pass remains."
"3","3.2 Damage And Survival","Add fire spread, decompression, coolant leaks, and electrical arcs as distinct hazards.","PARTIAL","TacticalCombatDepthSystem; Ship; Turret; UISystem","tactical HUD; tactical controls","campaign fleet records where applicable","TacticalCombatDepthSystemTest; combat regression tests","Feature breadth is modeled and tested unevenly; manual tactical acceptance pass remains."
"3","3.2 Damage And Survival","Add crew casualty states that reduce station effectiveness.","PARTIAL","TacticalCombatDepthSystem; Ship; Turret; UISystem","tactical HUD; tactical controls","campaign fleet records where applicable","TacticalCombatDepthSystemTest; combat regression tests","Feature breadth is modeled and tested unevenly; manual tactical acceptance pass remains."
"3","3.2 Damage And Survival","Add temporary evacuation of damaged compartments.","PARTIAL","TacticalCombatDepthSystem; Ship; Turret; UISystem","tactical HUD; tactical controls","campaign fleet records where applicable","TacticalCombatDepthSystemTest; combat regression tests","Feature breadth is modeled and tested unevenly; manual tactical acceptance pass remains."
"3","3.2 Damage And Survival","Add bulkhead sealing choices.","PARTIAL","TacticalCombatDepthSystem; Ship; Turret; UISystem","tactical HUD; tactical controls","campaign fleet records where applicable","TacticalCombatDepthSystemTest; combat regression tests","Feature breadth is modeled and tested unevenly; manual tactical acceptance pass remains."
"3","3.2 Damage And Survival","Add ammunition cook-off risk.","PARTIAL","TacticalCombatDepthSystem; Ship; Turret; UISystem","tactical HUD; tactical controls","campaign fleet records where applicable","TacticalCombatDepthSystemTest; combat regression tests","Feature breadth is modeled and tested unevenly; manual tactical acceptance pass remains."
"3","3.2 Damage And Survival","Add reactor instability escalation.","PARTIAL","TacticalCombatDepthSystem; Ship; Turret; UISystem","tactical HUD; tactical controls","campaign fleet records where applicable","TacticalCombatDepthSystemTest; combat regression tests","Feature breadth is modeled and tested unevenly; manual tactical acceptance pass remains."
"3","3.2 Damage And Survival","Add engine flare signatures when propulsion is damaged.","PARTIAL","TacticalCombatDepthSystem; Ship; Turret; UISystem","tactical HUD; tactical controls","campaign fleet records where applicable","TacticalCombatDepthSystemTest; combat regression tests","Feature breadth is modeled and tested unevenly; manual tactical acceptance pass remains."
"3","3.2 Damage And Survival","Add bridge damage effects on fleet-command responsiveness.","PARTIAL","TacticalCombatDepthSystem; Ship; Turret; UISystem","tactical HUD; tactical controls","campaign fleet records where applicable","TacticalCombatDepthSystemTest; combat regression tests","Feature breadth is modeled and tested unevenly; manual tactical acceptance pass remains."
"3","3.2 Damage And Survival","Add sensor-array damage effects on lock quality and map certainty.","PARTIAL","TacticalCombatDepthSystem; Ship; Turret; UISystem","tactical HUD; tactical controls","campaign fleet records where applicable","TacticalCombatDepthSystemTest; combat regression tests","Feature breadth is modeled and tested unevenly; manual tactical acceptance pass remains."
"3","3.2 Damage And Survival","Add hangar damage effects on sortie launch times.","PARTIAL","TacticalCombatDepthSystem; Ship; Turret; UISystem","tactical HUD; tactical controls","campaign fleet records where applicable","TacticalCombatDepthSystemTest; combat regression tests","Feature breadth is modeled and tested unevenly; manual tactical acceptance pass remains."
"3","3.2 Damage And Survival","Add visible damage decals that correspond to actual damaged rooms.","PARTIAL","TacticalCombatDepthSystem; Ship; Turret; UISystem","tactical HUD; tactical controls","campaign fleet records where applicable","TacticalCombatDepthSystemTest; combat regression tests","Feature breadth is modeled and tested unevenly; manual tactical acceptance pass remains."
"3","3.2 Damage And Survival","Add persistent hull scars after major battles.","PARTIAL","TacticalCombatDepthSystem; Ship; Turret; UISystem","tactical HUD; tactical controls","campaign fleet records where applicable","TacticalCombatDepthSystemTest; combat regression tests","Feature breadth is modeled and tested unevenly; manual tactical acceptance pass remains."
"3","3.2 Damage And Survival","Add recoverable disabled ships instead of binary death for some hulls.","PARTIAL","TacticalCombatDepthSystem; Ship; Turret; UISystem","tactical HUD; tactical controls","campaign fleet records where applicable","TacticalCombatDepthSystemTest; combat regression tests","Feature breadth is modeled and tested unevenly; manual tactical acceptance pass remains."
"3","3.2 Damage And Survival","Add surrender, abandonment, and scuttle outcomes.","PARTIAL","TacticalCombatDepthSystem; Ship; Turret; UISystem","tactical HUD; tactical controls","campaign fleet records where applicable","TacticalCombatDepthSystemTest; combat regression tests","Feature breadth is modeled and tested unevenly; manual tactical acceptance pass remains."
"3","3.3 Weapons","Add clearer weapon-role categories and tooltips.","PARTIAL","TacticalCombatDepthSystem; Ship; Turret; UISystem","tactical HUD; tactical controls","campaign fleet records where applicable","TacticalCombatDepthSystemTest; combat regression tests","Feature breadth is modeled and tested unevenly; manual tactical acceptance pass remains."
"3","3.3 Weapons","Add armor penetration, shield pressure, subsystem disruption, and area denial roles.","PARTIAL","TacticalCombatDepthSystem; Ship; Turret; UISystem","tactical HUD; tactical controls","campaign fleet records where applicable","TacticalCombatDepthSystemTest; combat regression tests","Feature breadth is modeled and tested unevenly; manual tactical acceptance pass remains."
"3","3.3 Weapons","Add manual salvo timing.","PARTIAL","TacticalCombatDepthSystem; Ship; Turret; UISystem","tactical HUD; tactical controls","campaign fleet records where applicable","TacticalCombatDepthSystemTest; combat regression tests","Feature breadth is modeled and tested unevenly; manual tactical acceptance pass remains."
"3","3.3 Weapons","Add staggered battery fire.","PARTIAL","TacticalCombatDepthSystem; Ship; Turret; UISystem","tactical HUD; tactical controls","campaign fleet records where applicable","TacticalCombatDepthSystemTest; combat regression tests","Feature breadth is modeled and tested unevenly; manual tactical acceptance pass remains."
"3","3.3 Weapons","Add broadside battery arcs.","PARTIAL","TacticalCombatDepthSystem; Ship; Turret; UISystem","tactical HUD; tactical controls","campaign fleet records where applicable","TacticalCombatDepthSystemTest; combat regression tests","Feature breadth is modeled and tested unevenly; manual tactical acceptance pass remains."
"3","3.3 Weapons","Add spinal weapons that require alignment.","PARTIAL","TacticalCombatDepthSystem; Ship; Turret; UISystem","tactical HUD; tactical controls","campaign fleet records where applicable","TacticalCombatDepthSystemTest; combat regression tests","Feature breadth is modeled and tested unevenly; manual tactical acceptance pass remains."
"3","3.3 Weapons","Add point-defense prioritization controls.","PARTIAL","TacticalCombatDepthSystem; Ship; Turret; UISystem","tactical HUD; tactical controls","campaign fleet records where applicable","TacticalCombatDepthSystemTest; combat regression tests","Feature breadth is modeled and tested unevenly; manual tactical acceptance pass remains."
"3","3.3 Weapons","Add missile doctrine selection per rack.","PARTIAL","TacticalCombatDepthSystem; Ship; Turret; UISystem","tactical HUD; tactical controls","campaign fleet records where applicable","TacticalCombatDepthSystemTest; combat regression tests","Feature breadth is modeled and tested unevenly; manual tactical acceptance pass remains."
"3","3.3 Weapons","Add decoys, chaff, flares, and electronic countermeasures.","PARTIAL","TacticalCombatDepthSystem; Ship; Turret; UISystem","tactical HUD; tactical controls","campaign fleet records where applicable","TacticalCombatDepthSystemTest; combat regression tests","Feature breadth is modeled and tested unevenly; manual tactical acceptance pass remains."
"3","3.3 Weapons","Add mines, minefields, and mine-clearing tools.","PARTIAL","TacticalCombatDepthSystem; Ship; Turret; UISystem","tactical HUD; tactical controls","campaign fleet records where applicable","TacticalCombatDepthSystemTest; combat regression tests","Feature breadth is modeled and tested unevenly; manual tactical acceptance pass remains."
"3","3.3 Weapons","Add boarding pods.","PARTIAL","TacticalCombatDepthSystem; Ship; Turret; UISystem","tactical HUD; tactical controls","campaign fleet records where applicable","TacticalCombatDepthSystemTest; combat regression tests","Feature breadth is modeled and tested unevenly; manual tactical acceptance pass remains."
"3","3.3 Weapons","Add repair drones.","PARTIAL","TacticalCombatDepthSystem; Ship; Turret; UISystem","tactical HUD; tactical controls","campaign fleet records where applicable","TacticalCombatDepthSystemTest; combat regression tests","Feature breadth is modeled and tested unevenly; manual tactical acceptance pass remains."
"3","3.3 Weapons","Add shield-transfer support beams.","PARTIAL","TacticalCombatDepthSystem; Ship; Turret; UISystem","tactical HUD; tactical controls","campaign fleet records where applicable","TacticalCombatDepthSystemTest; combat regression tests","Feature breadth is modeled and tested unevenly; manual tactical acceptance pass remains."
"3","3.3 Weapons","Add tractor disruption weapons.","PARTIAL","TacticalCombatDepthSystem; Ship; Turret; UISystem","tactical HUD; tactical controls","campaign fleet records where applicable","TacticalCombatDepthSystemTest; combat regression tests","Feature breadth is modeled and tested unevenly; manual tactical acceptance pass remains."
"3","3.3 Weapons","Add environmental weapon interactions, such as detonating volatile ore pockets.","PARTIAL","TacticalCombatDepthSystem; Ship; Turret; UISystem","tactical HUD; tactical controls","campaign fleet records where applicable","TacticalCombatDepthSystemTest; combat regression tests","Feature breadth is modeled and tested unevenly; manual tactical acceptance pass remains."
"3","3.3 Weapons","Add weapon heat management and temporary overdrive.","PARTIAL","TacticalCombatDepthSystem; Ship; Turret; UISystem","tactical HUD; tactical controls","campaign fleet records where applicable","TacticalCombatDepthSystemTest; combat regression tests","Feature breadth is modeled and tested unevenly; manual tactical acceptance pass remains."
"3","3.3 Weapons","Add ammunition logistics by weapon family.","PARTIAL","TacticalCombatDepthSystem; Ship; Turret; UISystem","tactical HUD; tactical controls","campaign fleet records where applicable","TacticalCombatDepthSystemTest; combat regression tests","Feature breadth is modeled and tested unevenly; manual tactical acceptance pass remains."
"3","3.4 Tactical Orders","Add click-to-command fleet orders during battle.","PARTIAL","TacticalCombatDepthSystem; Ship; Turret; UISystem","tactical HUD; tactical controls","campaign fleet records where applicable","TacticalCombatDepthSystemTest; combat regression tests","Feature breadth is modeled and tested unevenly; manual tactical acceptance pass remains."
"3","3.4 Tactical Orders","Add selectable ship groups.","PARTIAL","TacticalCombatDepthSystem; Ship; Turret; UISystem","tactical HUD; tactical controls","campaign fleet records where applicable","TacticalCombatDepthSystemTest; combat regression tests","Feature breadth is modeled and tested unevenly; manual tactical acceptance pass remains."
"3","3.4 Tactical Orders","Add formation presets with visible previews.","PARTIAL","TacticalCombatDepthSystem; Ship; Turret; UISystem","tactical HUD; tactical controls","campaign fleet records where applicable","TacticalCombatDepthSystemTest; combat regression tests","Feature breadth is modeled and tested unevenly; manual tactical acceptance pass remains."
"3","3.4 Tactical Orders","Add escort, screen, flank, hold, pursue, retreat, and regroup orders.","PARTIAL","TacticalCombatDepthSystem; Ship; Turret; UISystem","tactical HUD; tactical controls","campaign fleet records where applicable","TacticalCombatDepthSystemTest; combat regression tests","Feature breadth is modeled and tested unevenly; manual tactical acceptance pass remains."
"3","3.4 Tactical Orders","Add focus-fire orders.","PARTIAL","TacticalCombatDepthSystem; Ship; Turret; UISystem","tactical HUD; tactical controls","campaign fleet records where applicable","TacticalCombatDepthSystemTest; combat regression tests","Feature breadth is modeled and tested unevenly; manual tactical acceptance pass remains."
"3","3.4 Tactical Orders","Add protect-target orders.","PARTIAL","TacticalCombatDepthSystem; Ship; Turret; UISystem","tactical HUD; tactical controls","campaign fleet records where applicable","TacticalCombatDepthSystemTest; combat regression tests","Feature breadth is modeled and tested unevenly; manual tactical acceptance pass remains."
"3","3.4 Tactical Orders","Add capture-zone orders.","PARTIAL","TacticalCombatDepthSystem; Ship; Turret; UISystem","tactical HUD; tactical controls","campaign fleet records where applicable","TacticalCombatDepthSystemTest; combat regression tests","Feature breadth is modeled and tested unevenly; manual tactical acceptance pass remains."
"3","3.4 Tactical Orders","Add salvage-under-fire orders.","PARTIAL","TacticalCombatDepthSystem; Ship; Turret; UISystem","tactical HUD; tactical controls","campaign fleet records where applicable","TacticalCombatDepthSystemTest; combat regression tests","Feature breadth is modeled and tested unevenly; manual tactical acceptance pass remains."
"3","3.4 Tactical Orders","Add ""avoid collateral damage"" rules near civilian traffic.","PARTIAL","TacticalCombatDepthSystem; Ship; Turret; UISystem","tactical HUD; tactical controls","campaign fleet records where applicable","TacticalCombatDepthSystemTest; combat regression tests","Feature breadth is modeled and tested unevenly; manual tactical acceptance pass remains."
"3","3.4 Tactical Orders","Add autonomous doctrine profiles per ship.","PARTIAL","TacticalCombatDepthSystem; Ship; Turret; UISystem","tactical HUD; tactical controls","campaign fleet records where applicable","TacticalCombatDepthSystemTest; combat regression tests","Feature breadth is modeled and tested unevenly; manual tactical acceptance pass remains."
"3","3.4 Tactical Orders","Add order acknowledgment timing affected by comms damage and distance.","PARTIAL","TacticalCombatDepthSystem; Ship; Turret; UISystem","tactical HUD; tactical controls","campaign fleet records where applicable","TacticalCombatDepthSystemTest; combat regression tests","Feature breadth is modeled and tested unevenly; manual tactical acceptance pass remains."
"3","3.4 Tactical Orders","Add delayed or garbled orders under jamming.","PARTIAL","TacticalCombatDepthSystem; Ship; Turret; UISystem","tactical HUD; tactical controls","campaign fleet records where applicable","TacticalCombatDepthSystemTest; combat regression tests","Feature breadth is modeled and tested unevenly; manual tactical acceptance pass remains."
"3","3.4 Tactical Orders","Add tactical pause for players who want deliberate command play.","PARTIAL","TacticalCombatDepthSystem; Ship; Turret; UISystem","tactical HUD; tactical controls","campaign fleet records where applicable","TacticalCombatDepthSystemTest; combat regression tests","Feature breadth is modeled and tested unevenly; manual tactical acceptance pass remains."
"3","3.4 Tactical Orders","Add replayable battle timeline markers for major orders and casualties.","PARTIAL","TacticalCombatDepthSystem; Ship; Turret; UISystem","tactical HUD; tactical controls","campaign fleet records where applicable","TacticalCombatDepthSystemTest; combat regression tests","Feature breadth is modeled and tested unevenly; manual tactical acceptance pass remains."
"4","4.1 Hull Roster","Give every hull a concise battlefield role, counter, and weakness.","PARTIAL","FleetBuildingSystem; CampaignSystem; Renderer","fleet board; shipyard; roster archive","persistent fleet serialization","FleetBuildingSystemTest; CampaignStrategicCommandHudTest","Roster identity is live; full refit and construction workflows remain incomplete."
"4","4.1 Hull Roster","Add role-specific silhouette checks so ships remain readable at combat zoom.","PARTIAL","FleetBuildingSystem; CampaignSystem; Renderer","fleet board; shipyard; roster archive","persistent fleet serialization","FleetBuildingSystemTest; CampaignStrategicCommandHudTest","Roster identity is live; full refit and construction workflows remain incomplete."
"4","4.1 Hull Roster","Add faction-specific hull variants instead of palette-only identity.","PARTIAL","FleetBuildingSystem; CampaignSystem; Renderer","fleet board; shipyard; roster archive","persistent fleet serialization","FleetBuildingSystemTest; CampaignStrategicCommandHudTest","Roster identity is live; full refit and construction workflows remain incomplete."
"4","4.1 Hull Roster","Add civilian hull families for trade, mining, repair, salvage, and evacuation.","PARTIAL","FleetBuildingSystem; CampaignSystem; Renderer","fleet board; shipyard; roster archive","persistent fleet serialization","FleetBuildingSystemTest; CampaignStrategicCommandHudTest","Roster identity is live; full refit and construction workflows remain incomplete."
"4","4.1 Hull Roster","Add specialist command ships.","PARTIAL","FleetBuildingSystem; CampaignSystem; Renderer","fleet board; shipyard; roster archive","persistent fleet serialization","FleetBuildingSystemTest; CampaignStrategicCommandHudTest","Roster identity is live; full refit and construction workflows remain incomplete."
"4","4.1 Hull Roster","Add stealth hulls with real signature tradeoffs.","PARTIAL","FleetBuildingSystem; CampaignSystem; Renderer","fleet board; shipyard; roster archive","persistent fleet serialization","FleetBuildingSystemTest; CampaignStrategicCommandHudTest","Roster identity is live; full refit and construction workflows remain incomplete."
"4","4.1 Hull Roster","Add artillery hulls that require screens and spotters.","PARTIAL","FleetBuildingSystem; CampaignSystem; Renderer","fleet board; shipyard; roster archive","persistent fleet serialization","FleetBuildingSystemTest; CampaignStrategicCommandHudTest","Roster identity is live; full refit and construction workflows remain incomplete."
"4","4.1 Hull Roster","Add electronic-warfare hulls.","PARTIAL","FleetBuildingSystem; CampaignSystem; Renderer","fleet board; shipyard; roster archive","persistent fleet serialization","FleetBuildingSystemTest; CampaignStrategicCommandHudTest","Roster identity is live; full refit and construction workflows remain incomplete."
"4","4.1 Hull Roster","Add dedicated hospital and rescue ships.","PARTIAL","FleetBuildingSystem; CampaignSystem; Renderer","fleet board; shipyard; roster archive","persistent fleet serialization","FleetBuildingSystemTest; CampaignStrategicCommandHudTest","Roster identity is live; full refit and construction workflows remain incomplete."
"4","4.1 Hull Roster","Add mobile refinery and logistics ships.","PARTIAL","FleetBuildingSystem; CampaignSystem; Renderer","fleet board; shipyard; roster archive","persistent fleet serialization","FleetBuildingSystemTest; CampaignStrategicCommandHudTest","Roster identity is live; full refit and construction workflows remain incomplete."
"4","4.1 Hull Roster","Add boarding and marine-transport ships.","PARTIAL","FleetBuildingSystem; CampaignSystem; Renderer","fleet board; shipyard; roster archive","persistent fleet serialization","FleetBuildingSystemTest; CampaignStrategicCommandHudTest","Roster identity is live; full refit and construction workflows remain incomplete."
"4","4.1 Hull Roster","Add mine-layer and mine-sweeper ships.","PARTIAL","FleetBuildingSystem; CampaignSystem; Renderer","fleet board; shipyard; roster archive","persistent fleet serialization","FleetBuildingSystemTest; CampaignStrategicCommandHudTest","Roster identity is live; full refit and construction workflows remain incomplete."
"4","4.1 Hull Roster","Add tug and recovery ships.","PARTIAL","FleetBuildingSystem; CampaignSystem; Renderer","fleet board; shipyard; roster archive","persistent fleet serialization","FleetBuildingSystemTest; CampaignStrategicCommandHudTest","Roster identity is live; full refit and construction workflows remain incomplete."
"4","4.1 Hull Roster","Add prototype hulls with maintenance burdens.","PARTIAL","FleetBuildingSystem; CampaignSystem; Renderer","fleet board; shipyard; roster archive","persistent fleet serialization","FleetBuildingSystemTest; CampaignStrategicCommandHudTest","Roster identity is live; full refit and construction workflows remain incomplete."
"4","4.1 Hull Roster","Add faction-unique titan families.","PARTIAL","FleetBuildingSystem; CampaignSystem; Renderer","fleet board; shipyard; roster archive","persistent fleet serialization","FleetBuildingSystemTest; CampaignStrategicCommandHudTest","Roster identity is live; full refit and construction workflows remain incomplete."
"4","4.2 Refit And Construction","Replace broad upgrade tracks with slot-based refit decisions where appropriate.","PARTIAL","FleetBuildingSystem; CampaignSystem; Renderer","fleet board; shipyard; roster archive","persistent fleet serialization","FleetBuildingSystemTest; CampaignStrategicCommandHudTest","Roster identity is live; full refit and construction workflows remain incomplete."
"4","4.2 Refit And Construction","Add hull weight, power, heat, crew, and maintenance budgets.","PARTIAL","FleetBuildingSystem; CampaignSystem; Renderer","fleet board; shipyard; roster archive","persistent fleet serialization","FleetBuildingSystemTest; CampaignStrategicCommandHudTest","Roster identity is live; full refit and construction workflows remain incomplete."
"4","4.2 Refit And Construction","Add refit templates.","PARTIAL","FleetBuildingSystem; CampaignSystem; Renderer","fleet board; shipyard; roster archive","persistent fleet serialization","FleetBuildingSystemTest; CampaignStrategicCommandHudTest","Roster identity is live; full refit and construction workflows remain incomplete."
"4","4.2 Refit And Construction","Add saved fleet loadouts.","PARTIAL","FleetBuildingSystem; CampaignSystem; Renderer","fleet board; shipyard; roster archive","persistent fleet serialization","FleetBuildingSystemTest; CampaignStrategicCommandHudTest","Roster identity is live; full refit and construction workflows remain incomplete."
"4","4.2 Refit And Construction","Add module rarity and industrial availability.","PARTIAL","FleetBuildingSystem; CampaignSystem; Renderer","fleet board; shipyard; roster archive","persistent fleet serialization","FleetBuildingSystemTest; CampaignStrategicCommandHudTest","Roster identity is live; full refit and construction workflows remain incomplete."
"4","4.2 Refit And Construction","Add damaged-module repair versus replacement decisions.","PARTIAL","FleetBuildingSystem; CampaignSystem; Renderer","fleet board; shipyard; roster archive","persistent fleet serialization","FleetBuildingSystemTest; CampaignStrategicCommandHudTest","Roster identity is live; full refit and construction workflows remain incomplete."
"4","4.2 Refit And Construction","Add captured-module integration.","PARTIAL","FleetBuildingSystem; CampaignSystem; Renderer","fleet board; shipyard; roster archive","persistent fleet serialization","FleetBuildingSystemTest; CampaignStrategicCommandHudTest","Roster identity is live; full refit and construction workflows remain incomplete."
"4","4.2 Refit And Construction","Add faction-tech compatibility penalties.","PARTIAL","FleetBuildingSystem; CampaignSystem; Renderer","fleet board; shipyard; roster archive","persistent fleet serialization","FleetBuildingSystemTest; CampaignStrategicCommandHudTest","Roster identity is live; full refit and construction workflows remain incomplete."
"4","4.2 Refit And Construction","Add shipyard specialization by region.","PARTIAL","FleetBuildingSystem; CampaignSystem; Renderer","fleet board; shipyard; roster archive","persistent fleet serialization","FleetBuildingSystemTest; CampaignStrategicCommandHudTest","Roster identity is live; full refit and construction workflows remain incomplete."
"4","4.2 Refit And Construction","Add construction queues.","PARTIAL","FleetBuildingSystem; CampaignSystem; Renderer","fleet board; shipyard; roster archive","persistent fleet serialization","FleetBuildingSystemTest; CampaignStrategicCommandHudTest","Roster identity is live; full refit and construction workflows remain incomplete."
"4","4.2 Refit And Construction","Add refit time as a strategic cost.","PARTIAL","FleetBuildingSystem; CampaignSystem; Renderer","fleet board; shipyard; roster archive","persistent fleet serialization","FleetBuildingSystemTest; CampaignStrategicCommandHudTest","Roster identity is live; full refit and construction workflows remain incomplete."
"4","4.2 Refit And Construction","Add emergency field refits with reliability penalties.","PARTIAL","FleetBuildingSystem; CampaignSystem; Renderer","fleet board; shipyard; roster archive","persistent fleet serialization","FleetBuildingSystemTest; CampaignStrategicCommandHudTest","Roster identity is live; full refit and construction workflows remain incomplete."
"4","4.2 Refit And Construction","Add fleet doctrine presets that suggest coherent ship mixes.","PARTIAL","FleetBuildingSystem; CampaignSystem; Renderer","fleet board; shipyard; roster archive","persistent fleet serialization","FleetBuildingSystemTest; CampaignStrategicCommandHudTest","Roster identity is live; full refit and construction workflows remain incomplete."
"4","4.3 Persistent Ships And Crews","Give persistent ships service histories.","PARTIAL","FleetBuildingSystem; CampaignSystem; Renderer","fleet board; shipyard; roster archive","persistent fleet serialization","FleetBuildingSystemTest; CampaignStrategicCommandHudTest","Roster identity is live; full refit and construction workflows remain incomplete."
"4","4.3 Persistent Ships And Crews","Track kills, rescues, retreats, scars, and major engagements.","PARTIAL","FleetBuildingSystem; CampaignSystem; Renderer","fleet board; shipyard; roster archive","persistent fleet serialization","FleetBuildingSystemTest; CampaignStrategicCommandHudTest","Roster identity is live; full refit and construction workflows remain incomplete."
"4","4.3 Persistent Ships And Crews","Add ship nicknames earned from events.","PARTIAL","FleetBuildingSystem; CampaignSystem; Renderer","fleet board; shipyard; roster archive","persistent fleet serialization","FleetBuildingSystemTest; CampaignStrategicCommandHudTest","Roster identity is live; full refit and construction workflows remain incomplete."
"4","4.3 Persistent Ships And Crews","Add captain personalities and doctrine preferences.","PARTIAL","FleetBuildingSystem; CampaignSystem; Renderer","fleet board; shipyard; roster archive","persistent fleet serialization","FleetBuildingSystemTest; CampaignStrategicCommandHudTest","Roster identity is live; full refit and construction workflows remain incomplete."
"4","4.3 Persistent Ships And Crews","Add crew experience and specialization.","PARTIAL","FleetBuildingSystem; CampaignSystem; Renderer","fleet board; shipyard; roster archive","persistent fleet serialization","FleetBuildingSystemTest; CampaignStrategicCommandHudTest","Roster identity is live; full refit and construction workflows remain incomplete."
"4","4.3 Persistent Ships And Crews","Add morale effects from casualties, victories, and shortages.","PARTIAL","FleetBuildingSystem; CampaignSystem; Renderer","fleet board; shipyard; roster archive","persistent fleet serialization","FleetBuildingSystemTest; CampaignStrategicCommandHudTest","Roster identity is live; full refit and construction workflows remain incomplete."
"4","4.3 Persistent Ships And Crews","Add commendations.","PARTIAL","FleetBuildingSystem; CampaignSystem; Renderer","fleet board; shipyard; roster archive","persistent fleet serialization","FleetBuildingSystemTest; CampaignStrategicCommandHudTest","Roster identity is live; full refit and construction workflows remain incomplete."
"4","4.3 Persistent Ships And Crews","Add mutiny, desertion, and refusal risk in extreme conditions.","PARTIAL","FleetBuildingSystem; CampaignSystem; Renderer","fleet board; shipyard; roster archive","persistent fleet serialization","FleetBuildingSystemTest; CampaignStrategicCommandHudTest","Roster identity is live; full refit and construction workflows remain incomplete."
"4","4.3 Persistent Ships And Crews","Add memorial records for destroyed ships.","PARTIAL","FleetBuildingSystem; CampaignSystem; Renderer","fleet board; shipyard; roster archive","persistent fleet serialization","FleetBuildingSystemTest; CampaignStrategicCommandHudTest","Roster identity is live; full refit and construction workflows remain incomplete."
"4","4.3 Persistent Ships And Crews","Add successor ships that inherit names and traditions.","PARTIAL","FleetBuildingSystem; CampaignSystem; Renderer","fleet board; shipyard; roster archive","persistent fleet serialization","FleetBuildingSystemTest; CampaignStrategicCommandHudTest","Roster identity is live; full refit and construction workflows remain incomplete."
"4","4.3 Persistent Ships And Crews","Add a fleet archive screen.","PARTIAL","FleetBuildingSystem; CampaignSystem; Renderer","fleet board; shipyard; roster archive","persistent fleet serialization","FleetBuildingSystemTest; CampaignStrategicCommandHudTest","Roster identity is live; full refit and construction workflows remain incomplete."
"5","5.1 Larger Theater","Expand the overmap into multiple connected star systems.","MODELED_ONLY","StrategicCampaignExpansionSystem","compact readout API only","strategicExpansionState","StrategicCampaignExpansionSystemTest","Parallel model is not authoritative for the live strategic map."
"5","5.1 Larger Theater","Add travel lanes, jump points, gravity wells, and blockade chokepoints.","MODELED_ONLY","StrategicCampaignExpansionSystem","compact readout API only","strategicExpansionState","StrategicCampaignExpansionSystemTest","Parallel model is not authoritative for the live strategic map."
"5","5.1 Larger Theater","Add regions with distinct environmental rules.","MODELED_ONLY","StrategicCampaignExpansionSystem","compact readout API only","strategicExpansionState","StrategicCampaignExpansionSystemTest","Parallel model is not authoritative for the live strategic map."
"5","5.1 Larger Theater","Add fog-of-war boundaries and unexplored space.","MODELED_ONLY","StrategicCampaignExpansionSystem","compact readout API only","strategicExpansionState","StrategicCampaignExpansionSystemTest","Parallel model is not authoritative for the live strategic map."
"5","5.1 Larger Theater","Add hidden routes discovered through scouting or diplomacy.","MODELED_ONLY","StrategicCampaignExpansionSystem","compact readout API only","strategicExpansionState","StrategicCampaignExpansionSystemTest","Parallel model is not authoritative for the live strategic map."
"5","5.1 Larger Theater","Add moving front lines.","MODELED_ONLY","StrategicCampaignExpansionSystem","compact readout API only","strategicExpansionState","StrategicCampaignExpansionSystemTest","Parallel model is not authoritative for the live strategic map."
"5","5.1 Larger Theater","Add persistent installations that can change faction ownership.","MODELED_ONLY","StrategicCampaignExpansionSystem","compact readout API only","strategicExpansionState","StrategicCampaignExpansionSystemTest","Parallel model is not authoritative for the live strategic map."
"5","5.1 Larger Theater","Add temporary forward operating bases.","MODELED_ONLY","StrategicCampaignExpansionSystem","compact readout API only","strategicExpansionState","StrategicCampaignExpansionSystemTest","Parallel model is not authoritative for the live strategic map."
"5","5.1 Larger Theater","Add contested resource belts.","MODELED_ONLY","StrategicCampaignExpansionSystem","compact readout API only","strategicExpansionState","StrategicCampaignExpansionSystemTest","Parallel model is not authoritative for the live strategic map."
"5","5.1 Larger Theater","Add civilian population centers with strategic consequences.","MODELED_ONLY","StrategicCampaignExpansionSystem","compact readout API only","strategicExpansionState","StrategicCampaignExpansionSystemTest","Parallel model is not authoritative for the live strategic map."
"5","5.1 Larger Theater","Add planetary orbit layers.","MODELED_ONLY","StrategicCampaignExpansionSystem","compact readout API only","strategicExpansionState","StrategicCampaignExpansionSystemTest","Parallel model is not authoritative for the live strategic map."
"5","5.1 Larger Theater","Add deep-space anomalies with optional high-risk content.","MODELED_ONLY","StrategicCampaignExpansionSystem","compact readout API only","strategicExpansionState","StrategicCampaignExpansionSystemTest","Parallel model is not authoritative for the live strategic map."
"5","5.2 Faction Directors","Replace simple faction priorities with explicit strategic objectives.","MODELED_ONLY","StrategicCampaignExpansionSystem","compact readout API only","strategicExpansionState","StrategicCampaignExpansionSystemTest","Parallel model is not authoritative for the live strategic map."
"5","5.2 Faction Directors","Give directors limited intelligence instead of global knowledge.","MODELED_ONLY","StrategicCampaignExpansionSystem","compact readout API only","strategicExpansionState","StrategicCampaignExpansionSystemTest","Parallel model is not authoritative for the live strategic map."
"5","5.2 Faction Directors","Give directors resource budgets and construction queues.","MODELED_ONLY","StrategicCampaignExpansionSystem","compact readout API only","strategicExpansionState","StrategicCampaignExpansionSystemTest","Parallel model is not authoritative for the live strategic map."
"5","5.2 Faction Directors","Let directors choose between raids, defense, logistics, research, diplomacy, and major offensives.","MODELED_ONLY","StrategicCampaignExpansionSystem","compact readout API only","strategicExpansionState","StrategicCampaignExpansionSystemTest","Parallel model is not authoritative for the live strategic map."
"5","5.2 Faction Directors","Add director personality variants per campaign seed.","MODELED_ONLY","StrategicCampaignExpansionSystem","compact readout API only","strategicExpansionState","StrategicCampaignExpansionSystemTest","Parallel model is not authoritative for the live strategic map."
"5","5.2 Faction Directors","Add faction exhaustion and political pressure.","MODELED_ONLY","StrategicCampaignExpansionSystem","compact readout API only","strategicExpansionState","StrategicCampaignExpansionSystemTest","Parallel model is not authoritative for the live strategic map."
"5","5.2 Faction Directors","Add director mistakes and recoveries so the war feels organic.","MODELED_ONLY","StrategicCampaignExpansionSystem","compact readout API only","strategicExpansionState","StrategicCampaignExpansionSystemTest","Parallel model is not authoritative for the live strategic map."
"5","5.2 Faction Directors","Add feints, decoy operations, and misinformation.","MODELED_ONLY","StrategicCampaignExpansionSystem","compact readout API only","strategicExpansionState","StrategicCampaignExpansionSystemTest","Parallel model is not authoritative for the live strategic map."
"5","5.2 Faction Directors","Add seasonal or chapter-level doctrine shifts.","MODELED_ONLY","StrategicCampaignExpansionSystem","compact readout API only","strategicExpansionState","StrategicCampaignExpansionSystemTest","Parallel model is not authoritative for the live strategic map."
"5","5.2 Faction Directors","Add faction-specific victory conditions.","MODELED_ONLY","StrategicCampaignExpansionSystem","compact readout API only","strategicExpansionState","StrategicCampaignExpansionSystemTest","Parallel model is not authoritative for the live strategic map."
"5","5.2 Faction Directors","Add neutral actors who can become aligned, hostile, or fragmented.","MODELED_ONLY","StrategicCampaignExpansionSystem","compact readout API only","strategicExpansionState","StrategicCampaignExpansionSystemTest","Parallel model is not authoritative for the live strategic map."
"5","5.2 Faction Directors","Add pirate leaders with local agendas.","MODELED_ONLY","StrategicCampaignExpansionSystem","compact readout API only","strategicExpansionState","StrategicCampaignExpansionSystemTest","Parallel model is not authoritative for the live strategic map."
"5","5.2 Faction Directors","Add rogue AI behavior that does not follow normal faction logic.","MODELED_ONLY","StrategicCampaignExpansionSystem","compact readout API only","strategicExpansionState","StrategicCampaignExpansionSystemTest","Parallel model is not authoritative for the live strategic map."
"5","5.3 Campaign Battles","Allow multi-fleet battles with more than two sides.","MODELED_ONLY","StrategicCampaignExpansionSystem","compact readout API only","strategicExpansionState","StrategicCampaignExpansionSystemTest","Parallel model is not authoritative for the live strategic map."
"5","5.3 Campaign Battles","Add battle fronts, reserves, flanks, and retreat corridors.","MODELED_ONLY","StrategicCampaignExpansionSystem","compact readout API only","strategicExpansionState","StrategicCampaignExpansionSystemTest","Parallel model is not authoritative for the live strategic map."
"5","5.3 Campaign Battles","Add reinforcement windows that matter tactically.","MODELED_ONLY","StrategicCampaignExpansionSystem","compact readout API only","strategicExpansionState","StrategicCampaignExpansionSystemTest","Parallel model is not authoritative for the live strategic map."
"5","5.3 Campaign Battles","Add intervention choices beyond join, ignore, strike, and observe.","MODELED_ONLY","StrategicCampaignExpansionSystem","compact readout API only","strategicExpansionState","StrategicCampaignExpansionSystemTest","Parallel model is not authoritative for the live strategic map."
"5","5.3 Campaign Battles","Add evacuation, blockade-running, relief, pursuit, and surrender interventions.","MODELED_ONLY","StrategicCampaignExpansionSystem","compact readout API only","strategicExpansionState","StrategicCampaignExpansionSystemTest","Parallel model is not authoritative for the live strategic map."
"5","5.3 Campaign Battles","Add battle reports with participant losses and strategic consequences.","MODELED_ONLY","StrategicCampaignExpansionSystem","compact readout API only","strategicExpansionState","StrategicCampaignExpansionSystemTest","Parallel model is not authoritative for the live strategic map."
"5","5.3 Campaign Battles","Add delayed intelligence for battles beyond sensor coverage.","MODELED_ONLY","StrategicCampaignExpansionSystem","compact readout API only","strategicExpansionState","StrategicCampaignExpansionSystemTest","Parallel model is not authoritative for the live strategic map."
"5","5.3 Campaign Battles","Add rumors and conflicting reports.","MODELED_ONLY","StrategicCampaignExpansionSystem","compact readout API only","strategicExpansionState","StrategicCampaignExpansionSystemTest","Parallel model is not authoritative for the live strategic map."
"5","5.3 Campaign Battles","Add battle wreck fields that remain visitable.","MODELED_ONLY","StrategicCampaignExpansionSystem","compact readout API only","strategicExpansionState","StrategicCampaignExpansionSystemTest","Parallel model is not authoritative for the live strategic map."
"5","5.3 Campaign Battles","Add rescue operations after large fleet clashes.","MODELED_ONLY","StrategicCampaignExpansionSystem","compact readout API only","strategicExpansionState","StrategicCampaignExpansionSystemTest","Parallel model is not authoritative for the live strategic map."
"5","5.3 Campaign Battles","Add captured ships and prisoners.","MODELED_ONLY","StrategicCampaignExpansionSystem","compact readout API only","strategicExpansionState","StrategicCampaignExpansionSystemTest","Parallel model is not authoritative for the live strategic map."
"5","5.3 Campaign Battles","Add post-battle salvage rights disputes.","MODELED_ONLY","StrategicCampaignExpansionSystem","compact readout API only","strategicExpansionState","StrategicCampaignExpansionSystemTest","Parallel model is not authoritative for the live strategic map."
"5","5.4 Player Strategic Authority","Add persistent task groups with custom names.","MODELED_ONLY","StrategicCampaignExpansionSystem","compact readout API only","strategicExpansionState","StrategicCampaignExpansionSystemTest","Parallel model is not authoritative for the live strategic map."
"5","5.4 Player Strategic Authority","Add drag-and-drop group composition.","MODELED_ONLY","StrategicCampaignExpansionSystem","compact readout API only","strategicExpansionState","StrategicCampaignExpansionSystemTest","Parallel model is not authoritative for the live strategic map."
"5","5.4 Player Strategic Authority","Add independent group routing.","MODELED_ONLY","StrategicCampaignExpansionSystem","compact readout API only","strategicExpansionState","StrategicCampaignExpansionSystemTest","Parallel model is not authoritative for the live strategic map."
"5","5.4 Player Strategic Authority","Add patrol loops.","MODELED_ONLY","StrategicCampaignExpansionSystem","compact readout API only","strategicExpansionState","StrategicCampaignExpansionSystemTest","Parallel model is not authoritative for the live strategic map."
"5","5.4 Player Strategic Authority","Add escort assignment.","MODELED_ONLY","StrategicCampaignExpansionSystem","compact readout API only","strategicExpansionState","StrategicCampaignExpansionSystemTest","Parallel model is not authoritative for the live strategic map."
"5","5.4 Player Strategic Authority","Add garrison assignment.","MODELED_ONLY","StrategicCampaignExpansionSystem","compact readout API only","strategicExpansionState","StrategicCampaignExpansionSystemTest","Parallel model is not authoritative for the live strategic map."
"5","5.4 Player Strategic Authority","Add convoy scheduling.","MODELED_ONLY","StrategicCampaignExpansionSystem","compact readout API only","strategicExpansionState","StrategicCampaignExpansionSystemTest","Parallel model is not authoritative for the live strategic map."
"5","5.4 Player Strategic Authority","Add repair and resupply orders.","MODELED_ONLY","StrategicCampaignExpansionSystem","compact readout API only","strategicExpansionState","StrategicCampaignExpansionSystemTest","Parallel model is not authoritative for the live strategic map."
"5","5.4 Player Strategic Authority","Add scouting orders.","MODELED_ONLY","StrategicCampaignExpansionSystem","compact readout API only","strategicExpansionState","StrategicCampaignExpansionSystemTest","Parallel model is not authoritative for the live strategic map."
"5","5.4 Player Strategic Authority","Add ambush and blockade orders.","MODELED_ONLY","StrategicCampaignExpansionSystem","compact readout API only","strategicExpansionState","StrategicCampaignExpansionSystemTest","Parallel model is not authoritative for the live strategic map."
"5","5.4 Player Strategic Authority","Add rules of engagement.","MODELED_ONLY","StrategicCampaignExpansionSystem","compact readout API only","strategicExpansionState","StrategicCampaignExpansionSystemTest","Parallel model is not authoritative for the live strategic map."
"5","5.4 Player Strategic Authority","Add automatic retreat thresholds.","MODELED_ONLY","StrategicCampaignExpansionSystem","compact readout API only","strategicExpansionState","StrategicCampaignExpansionSystemTest","Parallel model is not authoritative for the live strategic map."
"5","5.4 Player Strategic Authority","Add delegation to NPC captains.","MODELED_ONLY","StrategicCampaignExpansionSystem","compact readout API only","strategicExpansionState","StrategicCampaignExpansionSystemTest","Parallel model is not authoritative for the live strategic map."
"5","5.4 Player Strategic Authority","Add an operations timeline showing expected arrivals and risks.","MODELED_ONLY","StrategicCampaignExpansionSystem","compact readout API only","strategicExpansionState","StrategicCampaignExpansionSystemTest","Parallel model is not authoritative for the live strategic map."
"5","5.4 Player Strategic Authority","Add map overlays for logistics, sensors, control, danger, trade, and known hostile routes.","MODELED_ONLY","StrategicCampaignExpansionSystem","compact readout API only","strategicExpansionState","StrategicCampaignExpansionSystemTest","Parallel model is not authoritative for the live strategic map."
"6","6.1 Resource Model","Split supplies into fuel, ammunition, repair materials, provisions, and specialist components.","PARTIAL","EconomyLogisticsIndustrySystem; CampaignSystem","resource board; hub services","economyExpansionState","CampaignEconomyDiplomacyExpansionSystemTest; CampaignStrategicCommandHudTest","Live travel and hub recovery are wired; markets, AI consumption, and full screens remain."
"6","6.1 Resource Model","Add cargo capacity and cargo allocation.","PARTIAL","EconomyLogisticsIndustrySystem; CampaignSystem","resource board; hub services","economyExpansionState","CampaignEconomyDiplomacyExpansionSystemTest; CampaignStrategicCommandHudTest","Live travel and hub recovery are wired; markets, AI consumption, and full screens remain."
"6","6.1 Resource Model","Add resupply rates by installation quality.","PARTIAL","EconomyLogisticsIndustrySystem; CampaignSystem","resource board; hub services","economyExpansionState","CampaignEconomyDiplomacyExpansionSystemTest; CampaignStrategicCommandHudTest","Live travel and hub recovery are wired; markets, AI consumption, and full screens remain."
"6","6.1 Resource Model","Add emergency rationing.","PARTIAL","EconomyLogisticsIndustrySystem; CampaignSystem","resource board; hub services","economyExpansionState","CampaignEconomyDiplomacyExpansionSystemTest; CampaignStrategicCommandHudTest","Live travel and hub recovery are wired; markets, AI consumption, and full screens remain."
"6","6.1 Resource Model","Add fuel efficiency by formation, speed, and route type.","PARTIAL","EconomyLogisticsIndustrySystem; CampaignSystem","resource board; hub services","economyExpansionState","CampaignEconomyDiplomacyExpansionSystemTest; CampaignStrategicCommandHudTest","Live travel and hub recovery are wired; markets, AI consumption, and full screens remain."
"6","6.1 Resource Model","Add ammunition expenditure forecasts.","PARTIAL","EconomyLogisticsIndustrySystem; CampaignSystem","resource board; hub services","economyExpansionState","CampaignEconomyDiplomacyExpansionSystemTest; CampaignStrategicCommandHudTest","Live travel and hub recovery are wired; markets, AI consumption, and full screens remain."
"6","6.1 Resource Model","Add maintenance debt.","PARTIAL","EconomyLogisticsIndustrySystem; CampaignSystem","resource board; hub services","economyExpansionState","CampaignEconomyDiplomacyExpansionSystemTest; CampaignStrategicCommandHudTest","Live travel and hub recovery are wired; markets, AI consumption, and full screens remain."
"6","6.1 Resource Model","Add spare-parts shortages.","PARTIAL","EconomyLogisticsIndustrySystem; CampaignSystem","resource board; hub services","economyExpansionState","CampaignEconomyDiplomacyExpansionSystemTest; CampaignStrategicCommandHudTest","Live travel and hub recovery are wired; markets, AI consumption, and full screens remain."
"6","6.1 Resource Model","Add crew fatigue.","PARTIAL","EconomyLogisticsIndustrySystem; CampaignSystem","resource board; hub services","economyExpansionState","CampaignEconomyDiplomacyExpansionSystemTest; CampaignStrategicCommandHudTest","Live travel and hub recovery are wired; markets, AI consumption, and full screens remain."
"6","6.1 Resource Model","Add fleet readiness recovery curves.","PARTIAL","EconomyLogisticsIndustrySystem; CampaignSystem","resource board; hub services","economyExpansionState","CampaignEconomyDiplomacyExpansionSystemTest; CampaignStrategicCommandHudTest","Live travel and hub recovery are wired; markets, AI consumption, and full screens remain."
"6","6.1 Resource Model","Add convoy dependency for isolated bases.","PARTIAL","EconomyLogisticsIndustrySystem; CampaignSystem","resource board; hub services","economyExpansionState","CampaignEconomyDiplomacyExpansionSystemTest; CampaignStrategicCommandHudTest","Live travel and hub recovery are wired; markets, AI consumption, and full screens remain."
"6","6.1 Resource Model","Add blockade starvation.","PARTIAL","EconomyLogisticsIndustrySystem; CampaignSystem","resource board; hub services","economyExpansionState","CampaignEconomyDiplomacyExpansionSystemTest; CampaignStrategicCommandHudTest","Live travel and hub recovery are wired; markets, AI consumption, and full screens remain."
"6","6.1 Resource Model","Add black-market procurement.","PARTIAL","EconomyLogisticsIndustrySystem; CampaignSystem","resource board; hub services","economyExpansionState","CampaignEconomyDiplomacyExpansionSystemTest; CampaignStrategicCommandHudTest","Live travel and hub recovery are wired; markets, AI consumption, and full screens remain."
"6","6.1 Resource Model","Add salvage processing time.","PARTIAL","EconomyLogisticsIndustrySystem; CampaignSystem","resource board; hub services","economyExpansionState","CampaignEconomyDiplomacyExpansionSystemTest; CampaignStrategicCommandHudTest","Live travel and hub recovery are wired; markets, AI consumption, and full screens remain."
"6","6.2 Mining And Salvage","Add multiple ore grades.","PARTIAL","EconomyLogisticsIndustrySystem; CampaignSystem","resource board; hub services","economyExpansionState","CampaignEconomyDiplomacyExpansionSystemTest; CampaignStrategicCommandHudTest","Live travel and hub recovery are wired; markets, AI consumption, and full screens remain."
"6","6.2 Mining And Salvage","Add rare strategic materials.","PARTIAL","EconomyLogisticsIndustrySystem; CampaignSystem","resource board; hub services","economyExpansionState","CampaignEconomyDiplomacyExpansionSystemTest; CampaignStrategicCommandHudTest","Live travel and hub recovery are wired; markets, AI consumption, and full screens remain."
"6","6.2 Mining And Salvage","Add volatile deposits.","PARTIAL","EconomyLogisticsIndustrySystem; CampaignSystem","resource board; hub services","economyExpansionState","CampaignEconomyDiplomacyExpansionSystemTest; CampaignStrategicCommandHudTest","Live travel and hub recovery are wired; markets, AI consumption, and full screens remain."
"6","6.2 Mining And Salvage","Add mining claims and faction permissions.","PARTIAL","EconomyLogisticsIndustrySystem; CampaignSystem","resource board; hub services","economyExpansionState","CampaignEconomyDiplomacyExpansionSystemTest; CampaignStrategicCommandHudTest","Live travel and hub recovery are wired; markets, AI consumption, and full screens remain."
"6","6.2 Mining And Salvage","Add mining drones and specialized mining fleets.","PARTIAL","EconomyLogisticsIndustrySystem; CampaignSystem","resource board; hub services","economyExpansionState","CampaignEconomyDiplomacyExpansionSystemTest; CampaignStrategicCommandHudTest","Live travel and hub recovery are wired; markets, AI consumption, and full screens remain."
"6","6.2 Mining And Salvage","Add refinery throughput.","PARTIAL","EconomyLogisticsIndustrySystem; CampaignSystem","resource board; hub services","economyExpansionState","CampaignEconomyDiplomacyExpansionSystemTest; CampaignStrategicCommandHudTest","Live travel and hub recovery are wired; markets, AI consumption, and full screens remain."
"6","6.2 Mining And Salvage","Add contested mining contracts.","PARTIAL","EconomyLogisticsIndustrySystem; CampaignSystem","resource board; hub services","economyExpansionState","CampaignEconomyDiplomacyExpansionSystemTest; CampaignStrategicCommandHudTest","Live travel and hub recovery are wired; markets, AI consumption, and full screens remain."
"6","6.2 Mining And Salvage","Add survey gameplay.","PARTIAL","EconomyLogisticsIndustrySystem; CampaignSystem","resource board; hub services","economyExpansionState","CampaignEconomyDiplomacyExpansionSystemTest; CampaignStrategicCommandHudTest","Live travel and hub recovery are wired; markets, AI consumption, and full screens remain."
"6","6.2 Mining And Salvage","Add wreck stripping choices: quick salvage, careful recovery, or tow.","PARTIAL","EconomyLogisticsIndustrySystem; CampaignSystem","resource board; hub services","economyExpansionState","CampaignEconomyDiplomacyExpansionSystemTest; CampaignStrategicCommandHudTest","Live travel and hub recovery are wired; markets, AI consumption, and full screens remain."
"6","6.2 Mining And Salvage","Add black-box recovery.","PARTIAL","EconomyLogisticsIndustrySystem; CampaignSystem","resource board; hub services","economyExpansionState","CampaignEconomyDiplomacyExpansionSystemTest; CampaignStrategicCommandHudTest","Live travel and hub recovery are wired; markets, AI consumption, and full screens remain."
"6","6.2 Mining And Salvage","Add survivor recovery.","PARTIAL","EconomyLogisticsIndustrySystem; CampaignSystem","resource board; hub services","economyExpansionState","CampaignEconomyDiplomacyExpansionSystemTest; CampaignStrategicCommandHudTest","Live travel and hub recovery are wired; markets, AI consumption, and full screens remain."
"6","6.2 Mining And Salvage","Add hazardous wrecks.","PARTIAL","EconomyLogisticsIndustrySystem; CampaignSystem","resource board; hub services","economyExpansionState","CampaignEconomyDiplomacyExpansionSystemTest; CampaignStrategicCommandHudTest","Live travel and hub recovery are wired; markets, AI consumption, and full screens remain."
"6","6.2 Mining And Salvage","Add illegal salvage and reputation consequences.","PARTIAL","EconomyLogisticsIndustrySystem; CampaignSystem","resource board; hub services","economyExpansionState","CampaignEconomyDiplomacyExpansionSystemTest; CampaignStrategicCommandHudTest","Live travel and hub recovery are wired; markets, AI consumption, and full screens remain."
"6","6.3 Markets And Contracts","Add regional price simulation.","PARTIAL","EconomyLogisticsIndustrySystem; CampaignSystem","resource board; hub services","economyExpansionState","CampaignEconomyDiplomacyExpansionSystemTest; CampaignStrategicCommandHudTest","Live travel and hub recovery are wired; markets, AI consumption, and full screens remain."
"6","6.3 Markets And Contracts","Add supply shocks from convoy losses and sieges.","PARTIAL","EconomyLogisticsIndustrySystem; CampaignSystem","resource board; hub services","economyExpansionState","CampaignEconomyDiplomacyExpansionSystemTest; CampaignStrategicCommandHudTest","Live travel and hub recovery are wired; markets, AI consumption, and full screens remain."
"6","6.3 Markets And Contracts","Add faction-specific inventories.","PARTIAL","EconomyLogisticsIndustrySystem; CampaignSystem","resource board; hub services","economyExpansionState","CampaignEconomyDiplomacyExpansionSystemTest; CampaignStrategicCommandHudTest","Live travel and hub recovery are wired; markets, AI consumption, and full screens remain."
"6","6.3 Markets And Contracts","Add contract boards.","PARTIAL","EconomyLogisticsIndustrySystem; CampaignSystem","resource board; hub services","economyExpansionState","CampaignEconomyDiplomacyExpansionSystemTest; CampaignStrategicCommandHudTest","Live travel and hub recovery are wired; markets, AI consumption, and full screens remain."
"6","6.3 Markets And Contracts","Add escort, rescue, bounty, survey, salvage, and smuggling contracts.","PARTIAL","EconomyLogisticsIndustrySystem; CampaignSystem","resource board; hub services","economyExpansionState","CampaignEconomyDiplomacyExpansionSystemTest; CampaignStrategicCommandHudTest","Live travel and hub recovery are wired; markets, AI consumption, and full screens remain."
"6","6.3 Markets And Contracts","Add negotiated contract terms.","PARTIAL","EconomyLogisticsIndustrySystem; CampaignSystem","resource board; hub services","economyExpansionState","CampaignEconomyDiplomacyExpansionSystemTest; CampaignStrategicCommandHudTest","Live travel and hub recovery are wired; markets, AI consumption, and full screens remain."
"6","6.3 Markets And Contracts","Add deadlines.","PARTIAL","EconomyLogisticsIndustrySystem; CampaignSystem","resource board; hub services","economyExpansionState","CampaignEconomyDiplomacyExpansionSystemTest; CampaignStrategicCommandHudTest","Live travel and hub recovery are wired; markets, AI consumption, and full screens remain."
"6","6.3 Markets And Contracts","Add collateral and reputation stakes.","PARTIAL","EconomyLogisticsIndustrySystem; CampaignSystem","resource board; hub services","economyExpansionState","CampaignEconomyDiplomacyExpansionSystemTest; CampaignStrategicCommandHudTest","Live travel and hub recovery are wired; markets, AI consumption, and full screens remain."
"6","6.3 Markets And Contracts","Add contract chains.","PARTIAL","EconomyLogisticsIndustrySystem; CampaignSystem","resource board; hub services","economyExpansionState","CampaignEconomyDiplomacyExpansionSystemTest; CampaignStrategicCommandHudTest","Live travel and hub recovery are wired; markets, AI consumption, and full screens remain."
"6","6.3 Markets And Contracts","Add competing bidders.","PARTIAL","EconomyLogisticsIndustrySystem; CampaignSystem","resource board; hub services","economyExpansionState","CampaignEconomyDiplomacyExpansionSystemTest; CampaignStrategicCommandHudTest","Live travel and hub recovery are wired; markets, AI consumption, and full screens remain."
"6","6.3 Markets And Contracts","Add shortages that create player opportunities.","PARTIAL","EconomyLogisticsIndustrySystem; CampaignSystem","resource board; hub services","economyExpansionState","CampaignEconomyDiplomacyExpansionSystemTest; CampaignStrategicCommandHudTest","Live travel and hub recovery are wired; markets, AI consumption, and full screens remain."
"6","6.3 Markets And Contracts","Add trade route investment.","PARTIAL","EconomyLogisticsIndustrySystem; CampaignSystem","resource board; hub services","economyExpansionState","CampaignEconomyDiplomacyExpansionSystemTest; CampaignStrategicCommandHudTest","Live travel and hub recovery are wired; markets, AI consumption, and full screens remain."
"6","6.3 Markets And Contracts","Add insurance for expensive hulls.","PARTIAL","EconomyLogisticsIndustrySystem; CampaignSystem","resource board; hub services","economyExpansionState","CampaignEconomyDiplomacyExpansionSystemTest; CampaignStrategicCommandHudTest","Live travel and hub recovery are wired; markets, AI consumption, and full screens remain."
"7","7.1 Faction Relationships","Track reputation separately with military, civilian, industrial, and political groups.","PARTIAL","DiplomacyNarrativeCrewSystem; CampaignSystem","comms board; bridge logs","diplomacyNarrativeState","CampaignEconomyDiplomacyExpansionSystemTest; CampaignStrategicCommandHudTest","Hub decisions affect reputation; broader narrative consequences remain bootstrap-heavy."
"7","7.1 Faction Relationships","Add visible reasons for reputation changes.","PARTIAL","DiplomacyNarrativeCrewSystem; CampaignSystem","comms board; bridge logs","diplomacyNarrativeState","CampaignEconomyDiplomacyExpansionSystemTest; CampaignStrategicCommandHudTest","Hub decisions affect reputation; broader narrative consequences remain bootstrap-heavy."
"7","7.1 Faction Relationships","Add favors and obligations.","PARTIAL","DiplomacyNarrativeCrewSystem; CampaignSystem","comms board; bridge logs","diplomacyNarrativeState","CampaignEconomyDiplomacyExpansionSystemTest; CampaignStrategicCommandHudTest","Hub decisions affect reputation; broader narrative consequences remain bootstrap-heavy."
"7","7.1 Faction Relationships","Add faction requests.","PARTIAL","DiplomacyNarrativeCrewSystem; CampaignSystem","comms board; bridge logs","diplomacyNarrativeState","CampaignEconomyDiplomacyExpansionSystemTest; CampaignStrategicCommandHudTest","Hub decisions affect reputation; broader narrative consequences remain bootstrap-heavy."
"7","7.1 Faction Relationships","Add negotiation scenes.","PARTIAL","DiplomacyNarrativeCrewSystem; CampaignSystem","comms board; bridge logs","diplomacyNarrativeState","CampaignEconomyDiplomacyExpansionSystemTest; CampaignStrategicCommandHudTest","Hub decisions affect reputation; broader narrative consequences remain bootstrap-heavy."
"7","7.1 Faction Relationships","Add ceasefires and temporary alliances.","PARTIAL","DiplomacyNarrativeCrewSystem; CampaignSystem","comms board; bridge logs","diplomacyNarrativeState","CampaignEconomyDiplomacyExpansionSystemTest; CampaignStrategicCommandHudTest","Hub decisions affect reputation; broader narrative consequences remain bootstrap-heavy."
"7","7.1 Faction Relationships","Add betrayal risk.","PARTIAL","DiplomacyNarrativeCrewSystem; CampaignSystem","comms board; bridge logs","diplomacyNarrativeState","CampaignEconomyDiplomacyExpansionSystemTest; CampaignStrategicCommandHudTest","Hub decisions affect reputation; broader narrative consequences remain bootstrap-heavy."
"7","7.1 Faction Relationships","Add rules-of-engagement consequences.","PARTIAL","DiplomacyNarrativeCrewSystem; CampaignSystem","comms board; bridge logs","diplomacyNarrativeState","CampaignEconomyDiplomacyExpansionSystemTest; CampaignStrategicCommandHudTest","Hub decisions affect reputation; broader narrative consequences remain bootstrap-heavy."
"7","7.1 Faction Relationships","Add civilian collateral consequences.","PARTIAL","DiplomacyNarrativeCrewSystem; CampaignSystem","comms board; bridge logs","diplomacyNarrativeState","CampaignEconomyDiplomacyExpansionSystemTest; CampaignStrategicCommandHudTest","Hub decisions affect reputation; broader narrative consequences remain bootstrap-heavy."
"7","7.1 Faction Relationships","Add prisoner treatment choices.","PARTIAL","DiplomacyNarrativeCrewSystem; CampaignSystem","comms board; bridge logs","diplomacyNarrativeState","CampaignEconomyDiplomacyExpansionSystemTest; CampaignStrategicCommandHudTest","Hub decisions affect reputation; broader narrative consequences remain bootstrap-heavy."
"7","7.1 Faction Relationships","Add salvage-rights disputes.","PARTIAL","DiplomacyNarrativeCrewSystem; CampaignSystem","comms board; bridge logs","diplomacyNarrativeState","CampaignEconomyDiplomacyExpansionSystemTest; CampaignStrategicCommandHudTest","Hub decisions affect reputation; broader narrative consequences remain bootstrap-heavy."
"7","7.1 Faction Relationships","Add diplomatic escorts and summit missions.","PARTIAL","DiplomacyNarrativeCrewSystem; CampaignSystem","comms board; bridge logs","diplomacyNarrativeState","CampaignEconomyDiplomacyExpansionSystemTest; CampaignStrategicCommandHudTest","Hub decisions affect reputation; broader narrative consequences remain bootstrap-heavy."
"7","7.2 Reactive Storytelling","Add named recurring NPC captains.","PARTIAL","DiplomacyNarrativeCrewSystem; CampaignSystem","comms board; bridge logs","diplomacyNarrativeState","CampaignEconomyDiplomacyExpansionSystemTest; CampaignStrategicCommandHudTest","Hub decisions affect reputation; broader narrative consequences remain bootstrap-heavy."
"7","7.2 Reactive Storytelling","Let NPC captains remember prior encounters.","PARTIAL","DiplomacyNarrativeCrewSystem; CampaignSystem","comms board; bridge logs","diplomacyNarrativeState","CampaignEconomyDiplomacyExpansionSystemTest; CampaignStrategicCommandHudTest","Hub decisions affect reputation; broader narrative consequences remain bootstrap-heavy."
"7","7.2 Reactive Storytelling","Add rival commanders.","PARTIAL","DiplomacyNarrativeCrewSystem; CampaignSystem","comms board; bridge logs","diplomacyNarrativeState","CampaignEconomyDiplomacyExpansionSystemTest; CampaignStrategicCommandHudTest","Hub decisions affect reputation; broader narrative consequences remain bootstrap-heavy."
"7","7.2 Reactive Storytelling","Add rescue returns and revenge arcs.","PARTIAL","DiplomacyNarrativeCrewSystem; CampaignSystem","comms board; bridge logs","diplomacyNarrativeState","CampaignEconomyDiplomacyExpansionSystemTest; CampaignStrategicCommandHudTest","Hub decisions affect reputation; broader narrative consequences remain bootstrap-heavy."
"7","7.2 Reactive Storytelling","Add faction news bulletins.","PARTIAL","DiplomacyNarrativeCrewSystem; CampaignSystem","comms board; bridge logs","diplomacyNarrativeState","CampaignEconomyDiplomacyExpansionSystemTest; CampaignStrategicCommandHudTest","Hub decisions affect reputation; broader narrative consequences remain bootstrap-heavy."
"7","7.2 Reactive Storytelling","Add crew commentary on recent strategic events.","PARTIAL","DiplomacyNarrativeCrewSystem; CampaignSystem","comms board; bridge logs","diplomacyNarrativeState","CampaignEconomyDiplomacyExpansionSystemTest; CampaignStrategicCommandHudTest","Hub decisions affect reputation; broader narrative consequences remain bootstrap-heavy."
"7","7.2 Reactive Storytelling","Add dynamic mission briefings generated from current war state.","PARTIAL","DiplomacyNarrativeCrewSystem; CampaignSystem","comms board; bridge logs","diplomacyNarrativeState","CampaignEconomyDiplomacyExpansionSystemTest; CampaignStrategicCommandHudTest","Hub decisions affect reputation; broader narrative consequences remain bootstrap-heavy."
"7","7.2 Reactive Storytelling","Add authored story beats with multiple systemic entry conditions.","PARTIAL","DiplomacyNarrativeCrewSystem; CampaignSystem","comms board; bridge logs","diplomacyNarrativeState","CampaignEconomyDiplomacyExpansionSystemTest; CampaignStrategicCommandHudTest","Hub decisions affect reputation; broader narrative consequences remain bootstrap-heavy."
"7","7.2 Reactive Storytelling","Add consequences for arriving early, late, overprepared, or depleted.","PARTIAL","DiplomacyNarrativeCrewSystem; CampaignSystem","comms board; bridge logs","diplomacyNarrativeState","CampaignEconomyDiplomacyExpansionSystemTest; CampaignStrategicCommandHudTest","Hub decisions affect reputation; broader narrative consequences remain bootstrap-heavy."
"7","7.2 Reactive Storytelling","Add campaign endings based on war state, allies, losses, and player doctrine.","PARTIAL","DiplomacyNarrativeCrewSystem; CampaignSystem","comms board; bridge logs","diplomacyNarrativeState","CampaignEconomyDiplomacyExpansionSystemTest; CampaignStrategicCommandHudTest","Hub decisions affect reputation; broader narrative consequences remain bootstrap-heavy."
"7","7.2 Reactive Storytelling","Add an epilogue timeline.","PARTIAL","DiplomacyNarrativeCrewSystem; CampaignSystem","comms board; bridge logs","diplomacyNarrativeState","CampaignEconomyDiplomacyExpansionSystemTest; CampaignStrategicCommandHudTest","Hub decisions affect reputation; broader narrative consequences remain bootstrap-heavy."
"7","7.3 Crew Layer","Give bridge officers persistent names, portraits, specialties, and opinions.","PARTIAL","DiplomacyNarrativeCrewSystem; CampaignSystem","comms board; bridge logs","diplomacyNarrativeState","CampaignEconomyDiplomacyExpansionSystemTest; CampaignStrategicCommandHudTest","Hub decisions affect reputation; broader narrative consequences remain bootstrap-heavy."
"7","7.3 Crew Layer","Add officer disagreements during major decisions.","PARTIAL","DiplomacyNarrativeCrewSystem; CampaignSystem","comms board; bridge logs","diplomacyNarrativeState","CampaignEconomyDiplomacyExpansionSystemTest; CampaignStrategicCommandHudTest","Hub decisions affect reputation; broader narrative consequences remain bootstrap-heavy."
"7","7.3 Crew Layer","Add trust and stress states.","PARTIAL","DiplomacyNarrativeCrewSystem; CampaignSystem","comms board; bridge logs","diplomacyNarrativeState","CampaignEconomyDiplomacyExpansionSystemTest; CampaignStrategicCommandHudTest","Hub decisions affect reputation; broader narrative consequences remain bootstrap-heavy."
"7","7.3 Crew Layer","Add officer replacement after casualties.","PARTIAL","DiplomacyNarrativeCrewSystem; CampaignSystem","comms board; bridge logs","diplomacyNarrativeState","CampaignEconomyDiplomacyExpansionSystemTest; CampaignStrategicCommandHudTest","Hub decisions affect reputation; broader narrative consequences remain bootstrap-heavy."
"7","7.3 Crew Layer","Add station-specific tactical recommendations.","PARTIAL","DiplomacyNarrativeCrewSystem; CampaignSystem","comms board; bridge logs","diplomacyNarrativeState","CampaignEconomyDiplomacyExpansionSystemTest; CampaignStrategicCommandHudTest","Hub decisions affect reputation; broader narrative consequences remain bootstrap-heavy."
"7","7.3 Crew Layer","Add captain log entries.","PARTIAL","DiplomacyNarrativeCrewSystem; CampaignSystem","comms board; bridge logs","diplomacyNarrativeState","CampaignEconomyDiplomacyExpansionSystemTest; CampaignStrategicCommandHudTest","Hub decisions affect reputation; broader narrative consequences remain bootstrap-heavy."
"7","7.3 Crew Layer","Add optional voiced briefings.","PARTIAL","DiplomacyNarrativeCrewSystem; CampaignSystem","comms board; bridge logs","diplomacyNarrativeState","CampaignEconomyDiplomacyExpansionSystemTest; CampaignStrategicCommandHudTest","Hub decisions affect reputation; broader narrative consequences remain bootstrap-heavy."
"7","7.3 Crew Layer","Add crew banter frequency controls.","PARTIAL","DiplomacyNarrativeCrewSystem; CampaignSystem","comms board; bridge logs","diplomacyNarrativeState","CampaignEconomyDiplomacyExpansionSystemTest; CampaignStrategicCommandHudTest","Hub decisions affect reputation; broader narrative consequences remain bootstrap-heavy."
"7","7.3 Crew Layer","Add a quiet mode for players who want less chatter.","PARTIAL","DiplomacyNarrativeCrewSystem; CampaignSystem","comms board; bridge logs","diplomacyNarrativeState","CampaignEconomyDiplomacyExpansionSystemTest; CampaignStrategicCommandHudTest","Hub decisions affect reputation; broader narrative consequences remain bootstrap-heavy."
"8","8.1 Mission Families","Add convoy escort missions with route decisions.","MODELED_ONLY","OperationsInformationCommandSystem","compact readout API only","operationsExpansionState","OperationsInformationCommandSystemTest","Mission catalogs are not fully instantiated by the live encounter generator."
"8","8.1 Mission Families","Add convoy interception missions.","MODELED_ONLY","OperationsInformationCommandSystem","compact readout API only","operationsExpansionState","OperationsInformationCommandSystemTest","Mission catalogs are not fully instantiated by the live encounter generator."
"8","8.1 Mission Families","Add blockade-running missions.","MODELED_ONLY","OperationsInformationCommandSystem","compact readout API only","operationsExpansionState","OperationsInformationCommandSystemTest","Mission catalogs are not fully instantiated by the live encounter generator."
"8","8.1 Mission Families","Add station defense missions.","MODELED_ONLY","OperationsInformationCommandSystem","compact readout API only","operationsExpansionState","OperationsInformationCommandSystemTest","Mission catalogs are not fully instantiated by the live encounter generator."
"8","8.1 Mission Families","Add station evacuation missions.","MODELED_ONLY","OperationsInformationCommandSystem","compact readout API only","operationsExpansionState","OperationsInformationCommandSystemTest","Mission catalogs are not fully instantiated by the live encounter generator."
"8","8.1 Mission Families","Add search-and-rescue missions.","MODELED_ONLY","OperationsInformationCommandSystem","compact readout API only","operationsExpansionState","OperationsInformationCommandSystemTest","Mission catalogs are not fully instantiated by the live encounter generator."
"8","8.1 Mission Families","Add salvage races.","MODELED_ONLY","OperationsInformationCommandSystem","compact readout API only","operationsExpansionState","OperationsInformationCommandSystemTest","Mission catalogs are not fully instantiated by the live encounter generator."
"8","8.1 Mission Families","Add stealth reconnaissance missions.","MODELED_ONLY","OperationsInformationCommandSystem","compact readout API only","operationsExpansionState","OperationsInformationCommandSystemTest","Mission catalogs are not fully instantiated by the live encounter generator."
"8","8.1 Mission Families","Add ambush setup missions.","MODELED_ONLY","OperationsInformationCommandSystem","compact readout API only","operationsExpansionState","OperationsInformationCommandSystemTest","Mission catalogs are not fully instantiated by the live encounter generator."
"8","8.1 Mission Families","Add minefield clearance missions.","MODELED_ONLY","OperationsInformationCommandSystem","compact readout API only","operationsExpansionState","OperationsInformationCommandSystemTest","Mission catalogs are not fully instantiated by the live encounter generator."
"8","8.1 Mission Families","Add boarding and capture missions.","MODELED_ONLY","OperationsInformationCommandSystem","compact readout API only","operationsExpansionState","OperationsInformationCommandSystemTest","Mission catalogs are not fully instantiated by the live encounter generator."
"8","8.1 Mission Families","Add disabled-ship tow missions.","MODELED_ONLY","OperationsInformationCommandSystem","compact readout API only","operationsExpansionState","OperationsInformationCommandSystemTest","Mission catalogs are not fully instantiated by the live encounter generator."
"8","8.1 Mission Families","Add prison transport interception missions.","MODELED_ONLY","OperationsInformationCommandSystem","compact readout API only","operationsExpansionState","OperationsInformationCommandSystemTest","Mission catalogs are not fully instantiated by the live encounter generator."
"8","8.1 Mission Families","Add diplomatic escort missions.","MODELED_ONLY","OperationsInformationCommandSystem","compact readout API only","operationsExpansionState","OperationsInformationCommandSystemTest","Mission catalogs are not fully instantiated by the live encounter generator."
"8","8.1 Mission Families","Add smuggling missions.","MODELED_ONLY","OperationsInformationCommandSystem","compact readout API only","operationsExpansionState","OperationsInformationCommandSystemTest","Mission catalogs are not fully instantiated by the live encounter generator."
"8","8.1 Mission Families","Add multi-stage pursuit missions.","MODELED_ONLY","OperationsInformationCommandSystem","compact readout API only","operationsExpansionState","OperationsInformationCommandSystemTest","Mission catalogs are not fully instantiated by the live encounter generator."
"8","8.1 Mission Families","Add retreat-under-pressure missions.","MODELED_ONLY","OperationsInformationCommandSystem","compact readout API only","operationsExpansionState","OperationsInformationCommandSystemTest","Mission catalogs are not fully instantiated by the live encounter generator."
"8","8.1 Mission Families","Add fleet rendezvous missions.","MODELED_ONLY","OperationsInformationCommandSystem","compact readout API only","operationsExpansionState","OperationsInformationCommandSystemTest","Mission catalogs are not fully instantiated by the live encounter generator."
"8","8.1 Mission Families","Add titan-hunt missions.","MODELED_ONLY","OperationsInformationCommandSystem","compact readout API only","operationsExpansionState","OperationsInformationCommandSystemTest","Mission catalogs are not fully instantiated by the live encounter generator."
"8","8.1 Mission Families","Add anomaly investigation missions.","MODELED_ONLY","OperationsInformationCommandSystem","compact readout API only","operationsExpansionState","OperationsInformationCommandSystemTest","Mission catalogs are not fully instantiated by the live encounter generator."
"8","8.2 Tactical Space Identity","Add authored battlefield templates for hubs, belts, wreck fields, orbital lanes, and deep space.","MODELED_ONLY","OperationsInformationCommandSystem","compact readout API only","operationsExpansionState","OperationsInformationCommandSystemTest","Mission catalogs are not fully instantiated by the live encounter generator."
"8","8.2 Tactical Space Identity","Add faction-specific station architecture.","MODELED_ONLY","OperationsInformationCommandSystem","compact readout API only","operationsExpansionState","OperationsInformationCommandSystemTest","Mission catalogs are not fully instantiated by the live encounter generator."
"8","8.2 Tactical Space Identity","Add civilian traffic lanes.","MODELED_ONLY","OperationsInformationCommandSystem","compact readout API only","operationsExpansionState","OperationsInformationCommandSystemTest","Mission catalogs are not fully instantiated by the live encounter generator."
"8","8.2 Tactical Space Identity","Add destructible infrastructure.","MODELED_ONLY","OperationsInformationCommandSystem","compact readout API only","operationsExpansionState","OperationsInformationCommandSystemTest","Mission catalogs are not fully instantiated by the live encounter generator."
"8","8.2 Tactical Space Identity","Add neutral structures that create collateral concerns.","MODELED_ONLY","OperationsInformationCommandSystem","compact readout API only","operationsExpansionState","OperationsInformationCommandSystemTest","Mission catalogs are not fully instantiated by the live encounter generator."
"8","8.2 Tactical Space Identity","Add navigation hazards.","MODELED_ONLY","OperationsInformationCommandSystem","compact readout API only","operationsExpansionState","OperationsInformationCommandSystemTest","Mission catalogs are not fully instantiated by the live encounter generator."
"8","8.2 Tactical Space Identity","Add nebula visibility rules.","MODELED_ONLY","OperationsInformationCommandSystem","compact readout API only","operationsExpansionState","OperationsInformationCommandSystemTest","Mission catalogs are not fully instantiated by the live encounter generator."
"8","8.2 Tactical Space Identity","Add gravity anomalies.","MODELED_ONLY","OperationsInformationCommandSystem","compact readout API only","operationsExpansionState","OperationsInformationCommandSystemTest","Mission catalogs are not fully instantiated by the live encounter generator."
"8","8.2 Tactical Space Identity","Add solar flare windows.","MODELED_ONLY","OperationsInformationCommandSystem","compact readout API only","operationsExpansionState","OperationsInformationCommandSystemTest","Mission catalogs are not fully instantiated by the live encounter generator."
"8","8.2 Tactical Space Identity","Add asteroid occlusion.","MODELED_ONLY","OperationsInformationCommandSystem","compact readout API only","operationsExpansionState","OperationsInformationCommandSystemTest","Mission catalogs are not fully instantiated by the live encounter generator."
"8","8.2 Tactical Space Identity","Add minefields.","MODELED_ONLY","OperationsInformationCommandSystem","compact readout API only","operationsExpansionState","OperationsInformationCommandSystemTest","Mission catalogs are not fully instantiated by the live encounter generator."
"8","8.2 Tactical Space Identity","Add jump-point turbulence.","MODELED_ONLY","OperationsInformationCommandSystem","compact readout API only","operationsExpansionState","OperationsInformationCommandSystemTest","Mission catalogs are not fully instantiated by the live encounter generator."
"8","8.2 Tactical Space Identity","Add battle damage that persists when revisiting a location.","MODELED_ONLY","OperationsInformationCommandSystem","compact readout API only","operationsExpansionState","OperationsInformationCommandSystemTest","Mission catalogs are not fully instantiated by the live encounter generator."
"8","8.2 Tactical Space Identity","Add location-specific audio ambience.","MODELED_ONLY","OperationsInformationCommandSystem","compact readout API only","operationsExpansionState","OperationsInformationCommandSystemTest","Mission catalogs are not fully instantiated by the live encounter generator."
"8","8.3 Procedural Composition","Build encounter composition rules from represented campaign forces.","MODELED_ONLY","OperationsInformationCommandSystem","compact readout API only","operationsExpansionState","OperationsInformationCommandSystemTest","Mission catalogs are not fully instantiated by the live encounter generator."
"8","8.3 Procedural Composition","Add doctrine-based reinforcement composition.","MODELED_ONLY","OperationsInformationCommandSystem","compact readout API only","operationsExpansionState","OperationsInformationCommandSystemTest","Mission catalogs are not fully instantiated by the live encounter generator."
"8","8.3 Procedural Composition","Add faction-specific formation templates.","MODELED_ONLY","OperationsInformationCommandSystem","compact readout API only","operationsExpansionState","OperationsInformationCommandSystemTest","Mission catalogs are not fully instantiated by the live encounter generator."
"8","8.3 Procedural Composition","Add difficulty-aware composition without hidden stat inflation.","MODELED_ONLY","OperationsInformationCommandSystem","compact readout API only","operationsExpansionState","OperationsInformationCommandSystemTest","Mission catalogs are not fully instantiated by the live encounter generator."
"8","8.3 Procedural Composition","Add environmental compatibility checks.","MODELED_ONLY","OperationsInformationCommandSystem","compact readout API only","operationsExpansionState","OperationsInformationCommandSystemTest","Mission catalogs are not fully instantiated by the live encounter generator."
"8","8.3 Procedural Composition","Add objective-aware spawn lanes.","MODELED_ONLY","OperationsInformationCommandSystem","compact readout API only","operationsExpansionState","OperationsInformationCommandSystemTest","Mission catalogs are not fully instantiated by the live encounter generator."
"8","8.3 Procedural Composition","Add civilian-presence rules.","MODELED_ONLY","OperationsInformationCommandSystem","compact readout API only","operationsExpansionState","OperationsInformationCommandSystemTest","Mission catalogs are not fully instantiated by the live encounter generator."
"8","8.3 Procedural Composition","Add post-battle cleanup rules.","MODELED_ONLY","OperationsInformationCommandSystem","compact readout API only","operationsExpansionState","OperationsInformationCommandSystemTest","Mission catalogs are not fully instantiated by the live encounter generator."
"8","8.3 Procedural Composition","Add deterministic seeds for reproducible bug reports.","MODELED_ONLY","OperationsInformationCommandSystem","compact readout API only","operationsExpansionState","OperationsInformationCommandSystemTest","Mission catalogs are not fully instantiated by the live encounter generator."
"9","","Add active and passive sensor modes.","MODELED_ONLY","OperationsInformationCommandSystem","compact readout API only","operationsExpansionState","OperationsInformationCommandSystemTest","Information-warfare model is not authoritative for tactical contacts."
"9","","Add sensor emission risk.","MODELED_ONLY","OperationsInformationCommandSystem","compact readout API only","operationsExpansionState","OperationsInformationCommandSystemTest","Information-warfare model is not authoritative for tactical contacts."
"9","","Add signature profiles by hull, speed, damage, and weapon use.","MODELED_ONLY","OperationsInformationCommandSystem","compact readout API only","operationsExpansionState","OperationsInformationCommandSystemTest","Information-warfare model is not authoritative for tactical contacts."
"9","","Add contact classification uncertainty.","MODELED_ONLY","OperationsInformationCommandSystem","compact readout API only","operationsExpansionState","OperationsInformationCommandSystemTest","Information-warfare model is not authoritative for tactical contacts."
"9","","Add false positives.","MODELED_ONLY","OperationsInformationCommandSystem","compact readout API only","operationsExpansionState","OperationsInformationCommandSystemTest","Information-warfare model is not authoritative for tactical contacts."
"9","","Add contact merging and splitting.","MODELED_ONLY","OperationsInformationCommandSystem","compact readout API only","operationsExpansionState","OperationsInformationCommandSystemTest","Information-warfare model is not authoritative for tactical contacts."
"9","","Add decoy fleets.","MODELED_ONLY","OperationsInformationCommandSystem","compact readout API only","operationsExpansionState","OperationsInformationCommandSystemTest","Information-warfare model is not authoritative for tactical contacts."
"9","","Add spoofed transponders.","MODELED_ONLY","OperationsInformationCommandSystem","compact readout API only","operationsExpansionState","OperationsInformationCommandSystemTest","Information-warfare model is not authoritative for tactical contacts."
"9","","Add communications interception.","MODELED_ONLY","OperationsInformationCommandSystem","compact readout API only","operationsExpansionState","OperationsInformationCommandSystemTest","Information-warfare model is not authoritative for tactical contacts."
"9","","Add jamming cones and area effects.","MODELED_ONLY","OperationsInformationCommandSystem","compact readout API only","operationsExpansionState","OperationsInformationCommandSystemTest","Information-warfare model is not authoritative for tactical contacts."
"9","","Add relay placement decisions.","MODELED_ONLY","OperationsInformationCommandSystem","compact readout API only","operationsExpansionState","OperationsInformationCommandSystemTest","Information-warfare model is not authoritative for tactical contacts."
"9","","Add scout patrol routes.","MODELED_ONLY","OperationsInformationCommandSystem","compact readout API only","operationsExpansionState","OperationsInformationCommandSystemTest","Information-warfare model is not authoritative for tactical contacts."
"9","","Add intelligence reports with confidence and age.","MODELED_ONLY","OperationsInformationCommandSystem","compact readout API only","operationsExpansionState","OperationsInformationCommandSystemTest","Information-warfare model is not authoritative for tactical contacts."
"9","","Add stealth approach routes.","MODELED_ONLY","OperationsInformationCommandSystem","compact readout API only","operationsExpansionState","OperationsInformationCommandSystemTest","Information-warfare model is not authoritative for tactical contacts."
"9","","Add silent-running penalties.","MODELED_ONLY","OperationsInformationCommandSystem","compact readout API only","operationsExpansionState","OperationsInformationCommandSystemTest","Information-warfare model is not authoritative for tactical contacts."
"9","","Add electronic attack strikes.","MODELED_ONLY","OperationsInformationCommandSystem","compact readout API only","operationsExpansionState","OperationsInformationCommandSystemTest","Information-warfare model is not authoritative for tactical contacts."
"9","","Add counter-intelligence actions.","MODELED_ONLY","OperationsInformationCommandSystem","compact readout API only","operationsExpansionState","OperationsInformationCommandSystemTest","Information-warfare model is not authoritative for tactical contacts."
"9","","Add enemy adaptation to repeated sensor tactics.","MODELED_ONLY","OperationsInformationCommandSystem","compact readout API only","operationsExpansionState","OperationsInformationCommandSystemTest","Information-warfare model is not authoritative for tactical contacts."
"10","","Add configurable strike packages.","PARTIAL","OperationsInformationCommandSystem; CampaignSystem","live strikes UI plus compact expansion readout","operationsExpansionState and live strike checkpoint fields","OperationsInformationCommandSystemTest; CampaignStrategicStrikeCounterplayTest","Existing live strikes are substantial; expansion support-package model remains parallel."
"10","","Add strike preparation time.","PARTIAL","OperationsInformationCommandSystem; CampaignSystem","live strikes UI plus compact expansion readout","operationsExpansionState and live strike checkpoint fields","OperationsInformationCommandSystemTest; CampaignStrategicStrikeCounterplayTest","Existing live strikes are substantial; expansion support-package model remains parallel."
"10","","Add launch-platform positioning requirements.","PARTIAL","OperationsInformationCommandSystem; CampaignSystem","live strikes UI plus compact expansion readout","operationsExpansionState and live strike checkpoint fields","OperationsInformationCommandSystemTest; CampaignStrategicStrikeCounterplayTest","Existing live strikes are substantial; expansion support-package model remains parallel."
"10","","Add interception risk.","PARTIAL","OperationsInformationCommandSystem; CampaignSystem","live strikes UI plus compact expansion readout","operationsExpansionState and live strike checkpoint fields","OperationsInformationCommandSystemTest; CampaignStrategicStrikeCounterplayTest","Existing live strikes are substantial; expansion support-package model remains parallel."
"10","","Add target-quality thresholds.","PARTIAL","OperationsInformationCommandSystem; CampaignSystem","live strikes UI plus compact expansion readout","operationsExpansionState and live strike checkpoint fields","OperationsInformationCommandSystemTest; CampaignStrategicStrikeCounterplayTest","Existing live strikes are substantial; expansion support-package model remains parallel."
"10","","Add collateral estimates.","PARTIAL","OperationsInformationCommandSystem; CampaignSystem","live strikes UI plus compact expansion readout","operationsExpansionState and live strike checkpoint fields","OperationsInformationCommandSystemTest; CampaignStrategicStrikeCounterplayTest","Existing live strikes are substantial; expansion support-package model remains parallel."
"10","","Add decoy-target risk.","PARTIAL","OperationsInformationCommandSystem; CampaignSystem","live strikes UI plus compact expansion readout","operationsExpansionState and live strike checkpoint fields","OperationsInformationCommandSystemTest; CampaignStrategicStrikeCounterplayTest","Existing live strikes are substantial; expansion support-package model remains parallel."
"10","","Add reconnaissance support.","PARTIAL","OperationsInformationCommandSystem; CampaignSystem","live strikes UI plus compact expansion readout","operationsExpansionState and live strike checkpoint fields","OperationsInformationCommandSystemTest; CampaignStrategicStrikeCounterplayTest","Existing live strikes are substantial; expansion support-package model remains parallel."
"10","","Add electronic-warfare support.","PARTIAL","OperationsInformationCommandSystem; CampaignSystem","live strikes UI plus compact expansion readout","operationsExpansionState and live strike checkpoint fields","OperationsInformationCommandSystemTest; CampaignStrategicStrikeCounterplayTest","Existing live strikes are substantial; expansion support-package model remains parallel."
"10","","Add mine-laying support.","PARTIAL","OperationsInformationCommandSystem; CampaignSystem","live strikes UI plus compact expansion readout","operationsExpansionState and live strike checkpoint fields","OperationsInformationCommandSystemTest; CampaignStrategicStrikeCounterplayTest","Existing live strikes are substantial; expansion support-package model remains parallel."
"10","","Add repair-tender deployment.","PARTIAL","OperationsInformationCommandSystem; CampaignSystem","live strikes UI plus compact expansion readout","operationsExpansionState and live strike checkpoint fields","OperationsInformationCommandSystemTest; CampaignStrategicStrikeCounterplayTest","Existing live strikes are substantial; expansion support-package model remains parallel."
"10","","Add emergency extraction support.","PARTIAL","OperationsInformationCommandSystem; CampaignSystem","live strikes UI plus compact expansion readout","operationsExpansionState and live strike checkpoint fields","OperationsInformationCommandSystemTest; CampaignStrategicStrikeCounterplayTest","Existing live strikes are substantial; expansion support-package model remains parallel."
"10","","Add reserve fleet call-in.","PARTIAL","OperationsInformationCommandSystem; CampaignSystem","live strikes UI plus compact expansion readout","operationsExpansionState and live strike checkpoint fields","OperationsInformationCommandSystemTest; CampaignStrategicStrikeCounterplayTest","Existing live strikes are substantial; expansion support-package model remains parallel."
"10","","Add orbital bombardment where fiction permits.","PARTIAL","OperationsInformationCommandSystem; CampaignSystem","live strikes UI plus compact expansion readout","operationsExpansionState and live strike checkpoint fields","OperationsInformationCommandSystemTest; CampaignStrategicStrikeCounterplayTest","Existing live strikes are substantial; expansion support-package model remains parallel."
"10","","Add enemy counter-strikes.","PARTIAL","OperationsInformationCommandSystem; CampaignSystem","live strikes UI plus compact expansion readout","operationsExpansionState and live strike checkpoint fields","OperationsInformationCommandSystemTest; CampaignStrategicStrikeCounterplayTest","Existing live strikes are substantial; expansion support-package model remains parallel."
"10","","Add strike-defense installations.","PARTIAL","OperationsInformationCommandSystem; CampaignSystem","live strikes UI plus compact expansion readout","operationsExpansionState and live strike checkpoint fields","OperationsInformationCommandSystemTest; CampaignStrategicStrikeCounterplayTest","Existing live strikes are substantial; expansion support-package model remains parallel."
"10","","Add after-action imagery and reports.","PARTIAL","OperationsInformationCommandSystem; CampaignSystem","live strikes UI plus compact expansion readout","operationsExpansionState and live strike checkpoint fields","OperationsInformationCommandSystemTest; CampaignStrategicStrikeCounterplayTest","Existing live strikes are substantial; expansion support-package model remains parallel."
"11","11.1 Command Layer","Add a stable screen hierarchy with clear ownership for map, fleet, resources, contacts, and strikes.","PARTIAL","OperationsInformationCommandSystem; Renderer; CampaignSystem","campaign command tabs and tactical HUD","operationsExpansionState","OperationsInformationCommandSystemTest; CampaignStrategicUiReadabilityTest","Existing UI is live; expansion preferences are not all surfaced."
"11","11.1 Command Layer","Add breadcrumb navigation.","PARTIAL","OperationsInformationCommandSystem; Renderer; CampaignSystem","campaign command tabs and tactical HUD","operationsExpansionState","OperationsInformationCommandSystemTest; CampaignStrategicUiReadabilityTest","Existing UI is live; expansion preferences are not all surfaced."
"11","11.1 Command Layer","Add consistent back behavior.","PARTIAL","OperationsInformationCommandSystem; Renderer; CampaignSystem","campaign command tabs and tactical HUD","operationsExpansionState","OperationsInformationCommandSystemTest; CampaignStrategicUiReadabilityTest","Existing UI is live; expansion preferences are not all surfaced."
"11","11.1 Command Layer","Add compact and expanded panel modes.","PARTIAL","OperationsInformationCommandSystem; Renderer; CampaignSystem","campaign command tabs and tactical HUD","operationsExpansionState","OperationsInformationCommandSystemTest; CampaignStrategicUiReadabilityTest","Existing UI is live; expansion preferences are not all surfaced."
"11","11.1 Command Layer","Add information-density presets.","PARTIAL","OperationsInformationCommandSystem; Renderer; CampaignSystem","campaign command tabs and tactical HUD","operationsExpansionState","OperationsInformationCommandSystemTest; CampaignStrategicUiReadabilityTest","Existing UI is live; expansion preferences are not all surfaced."
"11","11.1 Command Layer","Add pinned contacts.","PARTIAL","OperationsInformationCommandSystem; Renderer; CampaignSystem","campaign command tabs and tactical HUD","operationsExpansionState","OperationsInformationCommandSystemTest; CampaignStrategicUiReadabilityTest","Existing UI is live; expansion preferences are not all surfaced."
"11","11.1 Command Layer","Add compare mode for destinations, fleets, and contracts.","PARTIAL","OperationsInformationCommandSystem; Renderer; CampaignSystem","campaign command tabs and tactical HUD","operationsExpansionState","OperationsInformationCommandSystemTest; CampaignStrategicUiReadabilityTest","Existing UI is live; expansion preferences are not all surfaced."
"11","11.1 Command Layer","Add a notification inbox.","PARTIAL","OperationsInformationCommandSystem; Renderer; CampaignSystem","campaign command tabs and tactical HUD","operationsExpansionState","OperationsInformationCommandSystemTest; CampaignStrategicUiReadabilityTest","Existing UI is live; expansion preferences are not all surfaced."
"11","11.1 Command Layer","Add warning categories and filters.","PARTIAL","OperationsInformationCommandSystem; Renderer; CampaignSystem","campaign command tabs and tactical HUD","operationsExpansionState","OperationsInformationCommandSystemTest; CampaignStrategicUiReadabilityTest","Existing UI is live; expansion preferences are not all surfaced."
"11","11.1 Command Layer","Add an operations log with timestamps.","PARTIAL","OperationsInformationCommandSystem; Renderer; CampaignSystem","campaign command tabs and tactical HUD","operationsExpansionState","OperationsInformationCommandSystemTest; CampaignStrategicUiReadabilityTest","Existing UI is live; expansion preferences are not all surfaced."
"11","11.1 Command Layer","Add a pause-and-plan mode.","PARTIAL","OperationsInformationCommandSystem; Renderer; CampaignSystem","campaign command tabs and tactical HUD","operationsExpansionState","OperationsInformationCommandSystemTest; CampaignStrategicUiReadabilityTest","Existing UI is live; expansion preferences are not all surfaced."
"11","11.1 Command Layer","Add map search.","PARTIAL","OperationsInformationCommandSystem; Renderer; CampaignSystem","campaign command tabs and tactical HUD","operationsExpansionState","OperationsInformationCommandSystemTest; CampaignStrategicUiReadabilityTest","Existing UI is live; expansion preferences are not all surfaced."
"11","11.1 Command Layer","Add map bookmarks.","PARTIAL","OperationsInformationCommandSystem; Renderer; CampaignSystem","campaign command tabs and tactical HUD","operationsExpansionState","OperationsInformationCommandSystemTest; CampaignStrategicUiReadabilityTest","Existing UI is live; expansion preferences are not all surfaced."
"11","11.1 Command Layer","Add route preview with fuel, time, danger, and likely contacts.","PARTIAL","OperationsInformationCommandSystem; Renderer; CampaignSystem","campaign command tabs and tactical HUD","operationsExpansionState","OperationsInformationCommandSystemTest; CampaignStrategicUiReadabilityTest","Existing UI is live; expansion preferences are not all surfaced."
"11","11.1 Command Layer","Add visible automation rules for delegated fleets.","PARTIAL","OperationsInformationCommandSystem; Renderer; CampaignSystem","campaign command tabs and tactical HUD","operationsExpansionState","OperationsInformationCommandSystemTest; CampaignStrategicUiReadabilityTest","Existing UI is live; expansion preferences are not all surfaced."
"11","11.2 Tactical HUD","Add scalable target cards.","PARTIAL","OperationsInformationCommandSystem; Renderer; CampaignSystem","campaign command tabs and tactical HUD","operationsExpansionState","OperationsInformationCommandSystemTest; CampaignStrategicUiReadabilityTest","Existing UI is live; expansion preferences are not all surfaced."
"11","11.2 Tactical HUD","Add clearer shield facing.","PARTIAL","OperationsInformationCommandSystem; Renderer; CampaignSystem","campaign command tabs and tactical HUD","operationsExpansionState","OperationsInformationCommandSystemTest; CampaignStrategicUiReadabilityTest","Existing UI is live; expansion preferences are not all surfaced."
"11","11.2 Tactical HUD","Add clearer subsystem damage priority.","PARTIAL","OperationsInformationCommandSystem; Renderer; CampaignSystem","campaign command tabs and tactical HUD","operationsExpansionState","OperationsInformationCommandSystemTest; CampaignStrategicUiReadabilityTest","Existing UI is live; expansion preferences are not all surfaced."
"11","11.2 Tactical HUD","Add clearer allied order status.","PARTIAL","OperationsInformationCommandSystem; Renderer; CampaignSystem","campaign command tabs and tactical HUD","operationsExpansionState","OperationsInformationCommandSystemTest; CampaignStrategicUiReadabilityTest","Existing UI is live; expansion preferences are not all surfaced."
"11","11.2 Tactical HUD","Add formation visualization.","PARTIAL","OperationsInformationCommandSystem; Renderer; CampaignSystem","campaign command tabs and tactical HUD","operationsExpansionState","OperationsInformationCommandSystemTest; CampaignStrategicUiReadabilityTest","Existing UI is live; expansion preferences are not all surfaced."
"11","11.2 Tactical HUD","Add missile-threat warnings.","PARTIAL","OperationsInformationCommandSystem; Renderer; CampaignSystem","campaign command tabs and tactical HUD","operationsExpansionState","OperationsInformationCommandSystemTest; CampaignStrategicUiReadabilityTest","Existing UI is live; expansion preferences are not all surfaced."
"11","11.2 Tactical HUD","Add incoming-strike warnings.","PARTIAL","OperationsInformationCommandSystem; Renderer; CampaignSystem","campaign command tabs and tactical HUD","operationsExpansionState","OperationsInformationCommandSystemTest; CampaignStrategicUiReadabilityTest","Existing UI is live; expansion preferences are not all surfaced."
"11","11.2 Tactical HUD","Add collision alerts.","PARTIAL","OperationsInformationCommandSystem; Renderer; CampaignSystem","campaign command tabs and tactical HUD","operationsExpansionState","OperationsInformationCommandSystemTest; CampaignStrategicUiReadabilityTest","Existing UI is live; expansion preferences are not all surfaced."
"11","11.2 Tactical HUD","Add offscreen threat indicators.","PARTIAL","OperationsInformationCommandSystem; Renderer; CampaignSystem","campaign command tabs and tactical HUD","operationsExpansionState","OperationsInformationCommandSystemTest; CampaignStrategicUiReadabilityTest","Existing UI is live; expansion preferences are not all surfaced."
"11","11.2 Tactical HUD","Add configurable combat log verbosity.","PARTIAL","OperationsInformationCommandSystem; Renderer; CampaignSystem","campaign command tabs and tactical HUD","operationsExpansionState","OperationsInformationCommandSystemTest; CampaignStrategicUiReadabilityTest","Existing UI is live; expansion preferences are not all surfaced."
"11","11.2 Tactical HUD","Add HUD presets for command, piloting, accessibility, and screenshots.","PARTIAL","OperationsInformationCommandSystem; Renderer; CampaignSystem","campaign command tabs and tactical HUD","operationsExpansionState","OperationsInformationCommandSystemTest; CampaignStrategicUiReadabilityTest","Existing UI is live; expansion preferences are not all surfaced."
"11","11.2 Tactical HUD","Add screenshot mode.","PARTIAL","OperationsInformationCommandSystem; Renderer; CampaignSystem","campaign command tabs and tactical HUD","operationsExpansionState","OperationsInformationCommandSystemTest; CampaignStrategicUiReadabilityTest","Existing UI is live; expansion preferences are not all surfaced."
"12","12.1 Visuals","Complete unique ship skins for every major faction and hull family.","CATALOG_ONLY","ProductionReadinessLongevitySystem","asset manifests and existing presentation","productionReadinessState","ProductionReadinessLongevitySystemTest","Capability booleans are not verified final-asset inventories."
"12","12.1 Visuals","Add damage-stage variants for all important hulls.","CATALOG_ONLY","ProductionReadinessLongevitySystem","asset manifests and existing presentation","productionReadinessState","ProductionReadinessLongevitySystemTest","Capability booleans are not verified final-asset inventories."
"12","12.1 Visuals","Add destroyed multipart variants.","CATALOG_ONLY","ProductionReadinessLongevitySystem","asset manifests and existing presentation","productionReadinessState","ProductionReadinessLongevitySystemTest","Capability booleans are not verified final-asset inventories."
"12","12.1 Visuals","Add faction-specific turret skins.","CATALOG_ONLY","ProductionReadinessLongevitySystem","asset manifests and existing presentation","productionReadinessState","ProductionReadinessLongevitySystemTest","Capability booleans are not verified final-asset inventories."
"12","12.1 Visuals","Add engine plume variants.","CATALOG_ONLY","ProductionReadinessLongevitySystem","asset manifests and existing presentation","productionReadinessState","ProductionReadinessLongevitySystemTest","Capability booleans are not verified final-asset inventories."
"12","12.1 Visuals","Add shield-impact variants.","CATALOG_ONLY","ProductionReadinessLongevitySystem","asset manifests and existing presentation","productionReadinessState","ProductionReadinessLongevitySystemTest","Capability booleans are not verified final-asset inventories."
"12","12.1 Visuals","Add faction-specific missile trails.","CATALOG_ONLY","ProductionReadinessLongevitySystem","asset manifests and existing presentation","productionReadinessState","ProductionReadinessLongevitySystemTest","Capability booleans are not verified final-asset inventories."
"12","12.1 Visuals","Add station module art.","CATALOG_ONLY","ProductionReadinessLongevitySystem","asset manifests and existing presentation","productionReadinessState","ProductionReadinessLongevitySystemTest","Capability booleans are not verified final-asset inventories."
"12","12.1 Visuals","Add environmental prop sets.","CATALOG_ONLY","ProductionReadinessLongevitySystem","asset manifests and existing presentation","productionReadinessState","ProductionReadinessLongevitySystemTest","Capability booleans are not verified final-asset inventories."
"12","12.1 Visuals","Add portrait sets for recurring officers and captains.","CATALOG_ONLY","ProductionReadinessLongevitySystem","asset manifests and existing presentation","productionReadinessState","ProductionReadinessLongevitySystemTest","Capability booleans are not verified final-asset inventories."
"12","12.1 Visuals","Add map icons with silhouette readability at multiple zoom levels.","CATALOG_ONLY","ProductionReadinessLongevitySystem","asset manifests and existing presentation","productionReadinessState","ProductionReadinessLongevitySystemTest","Capability booleans are not verified final-asset inventories."
"12","12.1 Visuals","Add consistent UI art guidelines and spacing tokens.","CATALOG_ONLY","ProductionReadinessLongevitySystem","asset manifests and existing presentation","productionReadinessState","ProductionReadinessLongevitySystemTest","Capability booleans are not verified final-asset inventories."
"12","12.1 Visuals","Add visual regression screenshots for major screens.","CATALOG_ONLY","ProductionReadinessLongevitySystem","asset manifests and existing presentation","productionReadinessState","ProductionReadinessLongevitySystemTest","Capability booleans are not verified final-asset inventories."
"12","12.2 Audio","Add faction-specific weapon audio identities.","CATALOG_ONLY","ProductionReadinessLongevitySystem","asset manifests and existing presentation","productionReadinessState","ProductionReadinessLongevitySystemTest","Capability booleans are not verified final-asset inventories."
"12","12.2 Audio","Add layered engine audio by hull size and damage state.","CATALOG_ONLY","ProductionReadinessLongevitySystem","asset manifests and existing presentation","productionReadinessState","ProductionReadinessLongevitySystemTest","Capability booleans are not verified final-asset inventories."
"12","12.2 Audio","Add shield, armor, and subsystem impact differentiation.","CATALOG_ONLY","ProductionReadinessLongevitySystem","asset manifests and existing presentation","productionReadinessState","ProductionReadinessLongevitySystemTest","Capability booleans are not verified final-asset inventories."
"12","12.2 Audio","Add station ambience.","CATALOG_ONLY","ProductionReadinessLongevitySystem","asset manifests and existing presentation","productionReadinessState","ProductionReadinessLongevitySystemTest","Capability booleans are not verified final-asset inventories."
"12","12.2 Audio","Add map-layer ambience.","CATALOG_ONLY","ProductionReadinessLongevitySystem","asset manifests and existing presentation","productionReadinessState","ProductionReadinessLongevitySystemTest","Capability booleans are not verified final-asset inventories."
"12","12.2 Audio","Add battle-intensity music transitions.","CATALOG_ONLY","ProductionReadinessLongevitySystem","asset manifests and existing presentation","productionReadinessState","ProductionReadinessLongevitySystemTest","Capability booleans are not verified final-asset inventories."
"12","12.2 Audio","Add low-resource warning tones.","CATALOG_ONLY","ProductionReadinessLongevitySystem","asset manifests and existing presentation","productionReadinessState","ProductionReadinessLongevitySystemTest","Capability booleans are not verified final-asset inventories."
"12","12.2 Audio","Add incoming-strike warnings.","CATALOG_ONLY","ProductionReadinessLongevitySystem","asset manifests and existing presentation","productionReadinessState","ProductionReadinessLongevitySystemTest","Capability booleans are not verified final-asset inventories."
"12","12.2 Audio","Add radio distortion under jamming.","CATALOG_ONLY","ProductionReadinessLongevitySystem","asset manifests and existing presentation","productionReadinessState","ProductionReadinessLongevitySystemTest","Capability booleans are not verified final-asset inventories."
"12","12.2 Audio","Add voice-line cooldown and priority rules.","CATALOG_ONLY","ProductionReadinessLongevitySystem","asset manifests and existing presentation","productionReadinessState","ProductionReadinessLongevitySystemTest","Capability booleans are not verified final-asset inventories."
"12","12.2 Audio","Add dynamic mix ducking for important alerts.","CATALOG_ONLY","ProductionReadinessLongevitySystem","asset manifests and existing presentation","productionReadinessState","ProductionReadinessLongevitySystemTest","Capability booleans are not verified final-asset inventories."
"12","12.2 Audio","Add accessibility-friendly audio captions.","CATALOG_ONLY","ProductionReadinessLongevitySystem","asset manifests and existing presentation","productionReadinessState","ProductionReadinessLongevitySystemTest","Capability booleans are not verified final-asset inventories."
"13","","Add multiple save slots.","CATALOG_ONLY","ProductionReadinessLongevitySystem","compact readout API only","productionReadinessState","ProductionReadinessLongevitySystemTest","Save-slot, replay, and longevity entries are catalogs, not complete flows."
"13","","Add autosave rotation.","CATALOG_ONLY","ProductionReadinessLongevitySystem","compact readout API only","productionReadinessState","ProductionReadinessLongevitySystemTest","Save-slot, replay, and longevity entries are catalogs, not complete flows."
"13","","Add visible checkpoint metadata.","CATALOG_ONLY","ProductionReadinessLongevitySystem","compact readout API only","productionReadinessState","ProductionReadinessLongevitySystemTest","Save-slot, replay, and longevity entries are catalogs, not complete flows."
"13","","Add save migration tests for every schema revision.","CATALOG_ONLY","ProductionReadinessLongevitySystem","compact readout API only","productionReadinessState","ProductionReadinessLongevitySystemTest","Save-slot, replay, and longevity entries are catalogs, not complete flows."
"13","","Add corrupt-save recovery.","CATALOG_ONLY","ProductionReadinessLongevitySystem","compact readout API only","productionReadinessState","ProductionReadinessLongevitySystemTest","Save-slot, replay, and longevity entries are catalogs, not complete flows."
"13","","Add campaign seed display and sharing.","CATALOG_ONLY","ProductionReadinessLongevitySystem","compact readout API only","productionReadinessState","ProductionReadinessLongevitySystemTest","Save-slot, replay, and longevity entries are catalogs, not complete flows."
"13","","Add battle replay files.","CATALOG_ONLY","ProductionReadinessLongevitySystem","compact readout API only","productionReadinessState","ProductionReadinessLongevitySystemTest","Save-slot, replay, and longevity entries are catalogs, not complete flows."
"13","","Add campaign event logs suitable for bug reports.","CATALOG_ONLY","ProductionReadinessLongevitySystem","compact readout API only","productionReadinessState","ProductionReadinessLongevitySystemTest","Save-slot, replay, and longevity entries are catalogs, not complete flows."
"13","","Add a post-campaign statistics screen.","CATALOG_ONLY","ProductionReadinessLongevitySystem","compact readout API only","productionReadinessState","ProductionReadinessLongevitySystemTest","Save-slot, replay, and longevity entries are catalogs, not complete flows."
"13","","Add new-game-plus modifiers.","CATALOG_ONLY","ProductionReadinessLongevitySystem","compact readout API only","productionReadinessState","ProductionReadinessLongevitySystemTest","Save-slot, replay, and longevity entries are catalogs, not complete flows."
"13","","Add challenge seeds.","CATALOG_ONLY","ProductionReadinessLongevitySystem","compact readout API only","productionReadinessState","ProductionReadinessLongevitySystemTest","Save-slot, replay, and longevity entries are catalogs, not complete flows."
"13","","Add daily or weekly scenario seeds.","CATALOG_ONLY","ProductionReadinessLongevitySystem","compact readout API only","productionReadinessState","ProductionReadinessLongevitySystemTest","Save-slot, replay, and longevity entries are catalogs, not complete flows."
"13","","Add custom scenario setup.","CATALOG_ONLY","ProductionReadinessLongevitySystem","compact readout API only","productionReadinessState","ProductionReadinessLongevitySystemTest","Save-slot, replay, and longevity entries are catalogs, not complete flows."
"13","","Add mod-friendly data files for hulls, weapons, factions, missions, and balance.","CATALOG_ONLY","ProductionReadinessLongevitySystem","compact readout API only","productionReadinessState","ProductionReadinessLongevitySystemTest","Save-slot, replay, and longevity entries are catalogs, not complete flows."
"14","","Split oversized systems into clearer ownership boundaries.","CATALOG_ONLY","ProductionReadinessLongevitySystem","developer documentation","productionReadinessState","ProductionReadinessLongevitySystemTest","Architecture and tooling entries require executable enforcement."
"14","","Separate campaign simulation, tactical simulation, UI projection, persistence, and presentation.","CATALOG_ONLY","ProductionReadinessLongevitySystem","developer documentation","productionReadinessState","ProductionReadinessLongevitySystemTest","Architecture and tooling entries require executable enforcement."
"14","","Replace ad hoc state mutation with explicit transition APIs.","CATALOG_ONLY","ProductionReadinessLongevitySystem","developer documentation","productionReadinessState","ProductionReadinessLongevitySystemTest","Architecture and tooling entries require executable enforcement."
"14","","Add typed IDs for fleets, battles, locations, ships, prompts, and contracts.","CATALOG_ONLY","ProductionReadinessLongevitySystem","developer documentation","productionReadinessState","ProductionReadinessLongevitySystemTest","Architecture and tooling entries require executable enforcement."
"14","","Add invariant checks for stale references.","CATALOG_ONLY","ProductionReadinessLongevitySystem","developer documentation","productionReadinessState","ProductionReadinessLongevitySystemTest","Architecture and tooling entries require executable enforcement."
"14","","Add invariant checks for duplicate ownership.","CATALOG_ONLY","ProductionReadinessLongevitySystem","developer documentation","productionReadinessState","ProductionReadinessLongevitySystemTest","Architecture and tooling entries require executable enforcement."
"14","","Add invariant checks for impossible overlay combinations.","CATALOG_ONLY","ProductionReadinessLongevitySystem","developer documentation","productionReadinessState","ProductionReadinessLongevitySystemTest","Architecture and tooling entries require executable enforcement."
"14","","Add structured event logging.","CATALOG_ONLY","ProductionReadinessLongevitySystem","developer documentation","productionReadinessState","ProductionReadinessLongevitySystemTest","Architecture and tooling entries require executable enforcement."
"14","","Add deterministic simulation mode.","CATALOG_ONLY","ProductionReadinessLongevitySystem","developer documentation","productionReadinessState","ProductionReadinessLongevitySystemTest","Architecture and tooling entries require executable enforcement."
"14","","Add scenario fixtures for common bug reports.","CATALOG_ONLY","ProductionReadinessLongevitySystem","developer documentation","productionReadinessState","ProductionReadinessLongevitySystemTest","Architecture and tooling entries require executable enforcement."
"14","","Add headless campaign playback.","CATALOG_ONLY","ProductionReadinessLongevitySystem","developer documentation","productionReadinessState","ProductionReadinessLongevitySystemTest","Architecture and tooling entries require executable enforcement."
"14","","Add headless tactical battle playback.","CATALOG_ONLY","ProductionReadinessLongevitySystem","developer documentation","productionReadinessState","ProductionReadinessLongevitySystemTest","Architecture and tooling entries require executable enforcement."
"14","","Add performance budgets enforced in CI.","CATALOG_ONLY","ProductionReadinessLongevitySystem","developer documentation","productionReadinessState","ProductionReadinessLongevitySystemTest","Architecture and tooling entries require executable enforcement."
"14","","Add asset validation tooling.","CATALOG_ONLY","ProductionReadinessLongevitySystem","developer documentation","productionReadinessState","ProductionReadinessLongevitySystemTest","Architecture and tooling entries require executable enforcement."
"14","","Add missing-asset reports.","CATALOG_ONLY","ProductionReadinessLongevitySystem","developer documentation","productionReadinessState","ProductionReadinessLongevitySystemTest","Architecture and tooling entries require executable enforcement."
"14","","Add duplicate-asset reports.","CATALOG_ONLY","ProductionReadinessLongevitySystem","developer documentation","productionReadinessState","ProductionReadinessLongevitySystemTest","Architecture and tooling entries require executable enforcement."
"14","","Add automated screenshot capture.","CATALOG_ONLY","ProductionReadinessLongevitySystem","developer documentation","productionReadinessState","ProductionReadinessLongevitySystemTest","Architecture and tooling entries require executable enforcement."
"14","","Add save-schema diff documentation.","CATALOG_ONLY","ProductionReadinessLongevitySystem","developer documentation","productionReadinessState","ProductionReadinessLongevitySystemTest","Architecture and tooling entries require executable enforcement."
"14","","Add a content-authoring validator.","CATALOG_ONLY","ProductionReadinessLongevitySystem","developer documentation","productionReadinessState","ProductionReadinessLongevitySystemTest","Architecture and tooling entries require executable enforcement."
"14","","Add a balance-data export for spreadsheet analysis.","CATALOG_ONLY","ProductionReadinessLongevitySystem","developer documentation","productionReadinessState","ProductionReadinessLongevitySystemTest","Architecture and tooling entries require executable enforcement."
"15","","Add one-click smoke scenarios for campaign start, mining, docking, travel, intercept, tactical entry, victory, retreat, and save/load.","CATALOG_ONLY","ProductionReadinessLongevitySystem","test inventory","productionReadinessState","ProductionReadinessLongevitySystemTest","Matrix entries are not all executable CI suites."
"15","","Add overlay-state permutation tests.","CATALOG_ONLY","ProductionReadinessLongevitySystem","test inventory","productionReadinessState","ProductionReadinessLongevitySystemTest","Matrix entries are not all executable CI suites."
"15","","Add hotkey-context permutation tests.","CATALOG_ONLY","ProductionReadinessLongevitySystem","test inventory","productionReadinessState","ProductionReadinessLongevitySystemTest","Matrix entries are not all executable CI suites."
"15","","Add faction-hostility matrix tests.","CATALOG_ONLY","ProductionReadinessLongevitySystem","test inventory","productionReadinessState","ProductionReadinessLongevitySystemTest","Matrix entries are not all executable CI suites."
"15","","Add fleet-director long-run tests.","CATALOG_ONLY","ProductionReadinessLongevitySystem","test inventory","productionReadinessState","ProductionReadinessLongevitySystemTest","Matrix entries are not all executable CI suites."
"15","","Add economy long-run tests.","CATALOG_ONLY","ProductionReadinessLongevitySystem","test inventory","productionReadinessState","ProductionReadinessLongevitySystemTest","Matrix entries are not all executable CI suites."
"15","","Add route-risk forecast accuracy tests.","CATALOG_ONLY","ProductionReadinessLongevitySystem","test inventory","productionReadinessState","ProductionReadinessLongevitySystemTest","Matrix entries are not all executable CI suites."
"15","","Add tactical continuity tests for every encounter family.","CATALOG_ONLY","ProductionReadinessLongevitySystem","test inventory","productionReadinessState","ProductionReadinessLongevitySystemTest","Matrix entries are not all executable CI suites."
"15","","Add persistent-ship casualty reconciliation tests.","CATALOG_ONLY","ProductionReadinessLongevitySystem","test inventory","productionReadinessState","ProductionReadinessLongevitySystemTest","Matrix entries are not all executable CI suites."
"15","","Add strike-targeting tests for every strike family.","CATALOG_ONLY","ProductionReadinessLongevitySystem","test inventory","productionReadinessState","ProductionReadinessLongevitySystemTest","Matrix entries are not all executable CI suites."
"15","","Add sensor-certainty decay tests.","CATALOG_ONLY","ProductionReadinessLongevitySystem","test inventory","productionReadinessState","ProductionReadinessLongevitySystemTest","Matrix entries are not all executable CI suites."
"15","","Add accessibility screenshot checks.","CATALOG_ONLY","ProductionReadinessLongevitySystem","test inventory","productionReadinessState","ProductionReadinessLongevitySystemTest","Matrix entries are not all executable CI suites."
"15","","Add UI hitbox-to-render-bound tests for every clickable panel.","CATALOG_ONLY","ProductionReadinessLongevitySystem","test inventory","productionReadinessState","ProductionReadinessLongevitySystemTest","Matrix entries are not all executable CI suites."
"15","","Add memory-usage regression checks.","CATALOG_ONLY","ProductionReadinessLongevitySystem","test inventory","productionReadinessState","ProductionReadinessLongevitySystemTest","Matrix entries are not all executable CI suites."
"15","","Add frame-time regression checks.","CATALOG_ONLY","ProductionReadinessLongevitySystem","test inventory","productionReadinessState","ProductionReadinessLongevitySystemTest","Matrix entries are not all executable CI suites."
"15","","Add save compatibility fixtures from old versions.","CATALOG_ONLY","ProductionReadinessLongevitySystem","test inventory","productionReadinessState","ProductionReadinessLongevitySystemTest","Matrix entries are not all executable CI suites."
"15","","Add randomized fuzz tests for campaign transitions.","CATALOG_ONLY","ProductionReadinessLongevitySystem","test inventory","productionReadinessState","ProductionReadinessLongevitySystemTest","Matrix entries are not all executable CI suites."
"16","","Add cooperative multiplayer with shared command roles.","CATALOG_ONLY","StretchGoalsFleetDoctrineSystem","compact readout API only","fleetDoctrineExpansionState","StretchGoalsFleetDoctrineSystemTest","Stretch goals are capability flags until implemented or de-scoped."
"16","","Add asynchronous campaign sharing.","CATALOG_ONLY","StretchGoalsFleetDoctrineSystem","compact readout API only","fleetDoctrineExpansionState","StretchGoalsFleetDoctrineSystemTest","Stretch goals are capability flags until implemented or de-scoped."
"16","","Add skirmish fleet-builder mode.","CATALOG_ONLY","StretchGoalsFleetDoctrineSystem","compact readout API only","fleetDoctrineExpansionState","StretchGoalsFleetDoctrineSystemTest","Stretch goals are capability flags until implemented or de-scoped."
"16","","Add scenario editor.","CATALOG_ONLY","StretchGoalsFleetDoctrineSystem","compact readout API only","fleetDoctrineExpansionState","StretchGoalsFleetDoctrineSystemTest","Stretch goals are capability flags until implemented or de-scoped."
"16","","Add mission editor.","CATALOG_ONLY","StretchGoalsFleetDoctrineSystem","compact readout API only","fleetDoctrineExpansionState","StretchGoalsFleetDoctrineSystemTest","Stretch goals are capability flags until implemented or de-scoped."
"16","","Add faction editor.","CATALOG_ONLY","StretchGoalsFleetDoctrineSystem","compact readout API only","fleetDoctrineExpansionState","StretchGoalsFleetDoctrineSystemTest","Stretch goals are capability flags until implemented or de-scoped."
"16","","Add Steam Workshop-style mod packaging.","CATALOG_ONLY","StretchGoalsFleetDoctrineSystem","compact readout API only","fleetDoctrineExpansionState","StretchGoalsFleetDoctrineSystemTest","Stretch goals are capability flags until implemented or de-scoped."
"16","","Add procedural star-system generation.","CATALOG_ONLY","StretchGoalsFleetDoctrineSystem","compact readout API only","fleetDoctrineExpansionState","StretchGoalsFleetDoctrineSystemTest","Stretch goals are capability flags until implemented or de-scoped."
"16","","Add branching campaign chapters.","CATALOG_ONLY","StretchGoalsFleetDoctrineSystem","compact readout API only","fleetDoctrineExpansionState","StretchGoalsFleetDoctrineSystemTest","Stretch goals are capability flags until implemented or de-scoped."
"16","","Add faction campaigns with different command fantasies.","CATALOG_ONLY","StretchGoalsFleetDoctrineSystem","compact readout API only","fleetDoctrineExpansionState","StretchGoalsFleetDoctrineSystemTest","Stretch goals are capability flags until implemented or de-scoped."
"16","","Add playable Green defense campaign.","CATALOG_ONLY","StretchGoalsFleetDoctrineSystem","compact readout API only","fleetDoctrineExpansionState","StretchGoalsFleetDoctrineSystemTest","Stretch goals are capability flags until implemented or de-scoped."
"16","","Add playable Yellow trade-and-survival campaign.","CATALOG_ONLY","StretchGoalsFleetDoctrineSystem","compact readout API only","fleetDoctrineExpansionState","StretchGoalsFleetDoctrineSystemTest","Stretch goals are capability flags until implemented or de-scoped."
"16","","Add playable Red offensive campaign.","CATALOG_ONLY","StretchGoalsFleetDoctrineSystem","compact readout API only","fleetDoctrineExpansionState","StretchGoalsFleetDoctrineSystemTest","Stretch goals are capability flags until implemented or de-scoped."
"16","","Add rogue-AI survival campaign.","CATALOG_ONLY","StretchGoalsFleetDoctrineSystem","compact readout API only","fleetDoctrineExpansionState","StretchGoalsFleetDoctrineSystemTest","Stretch goals are capability flags until implemented or de-scoped."
"16","","Add persistent metagame unlocks that do not undermine campaign balance.","CATALOG_ONLY","StretchGoalsFleetDoctrineSystem","compact readout API only","fleetDoctrineExpansionState","StretchGoalsFleetDoctrineSystemTest","Stretch goals are capability flags until implemented or de-scoped."
"16","","Add spectator mode for autonomous fleet wars.","CATALOG_ONLY","StretchGoalsFleetDoctrineSystem","compact readout API only","fleetDoctrineExpansionState","StretchGoalsFleetDoctrineSystemTest","Stretch goals are capability flags until implemented or de-scoped."
"16","","Add exportable after-action reports.","CATALOG_ONLY","StretchGoalsFleetDoctrineSystem","compact readout API only","fleetDoctrineExpansionState","StretchGoalsFleetDoctrineSystemTest","Stretch goals are capability flags until implemented or de-scoped."
"16","","Add cinematic replay camera tools.","CATALOG_ONLY","StretchGoalsFleetDoctrineSystem","compact readout API only","fleetDoctrineExpansionState","StretchGoalsFleetDoctrineSystemTest","Stretch goals are capability flags until implemented or de-scoped."
"17","","Stability and state-machine hardening checklist.","DESIGN_ONLY","docs/CANDIDATE_EXTRACTION_PACKS.md","documentation index","n/a","StretchGoalsFleetDoctrineSystemTest","Index entries are planning references."
"17","","Performance budget and asset-lifetime checklist.","DESIGN_ONLY","docs/CANDIDATE_EXTRACTION_PACKS.md","documentation index","n/a","StretchGoalsFleetDoctrineSystemTest","Index entries are planning references."
"17","","First-hour onboarding redesign.","DESIGN_ONLY","docs/CANDIDATE_EXTRACTION_PACKS.md","documentation index","n/a","StretchGoalsFleetDoctrineSystemTest","Index entries are planning references."
"17","","Tactical fleet-orders implementation plan.","DESIGN_ONLY","docs/CANDIDATE_EXTRACTION_PACKS.md","documentation index","n/a","StretchGoalsFleetDoctrineSystemTest","Index entries are planning references."
"17","","Persistent ship history and captain system.","DESIGN_ONLY","docs/CANDIDATE_EXTRACTION_PACKS.md","documentation index","n/a","StretchGoalsFleetDoctrineSystemTest","Index entries are planning references."
"17","","Multi-system strategic map expansion.","DESIGN_ONLY","docs/CANDIDATE_EXTRACTION_PACKS.md","documentation index","n/a","StretchGoalsFleetDoctrineSystemTest","Index entries are planning references."
"17","","Economy, logistics, and market overhaul.","DESIGN_ONLY","docs/CANDIDATE_EXTRACTION_PACKS.md","documentation index","n/a","StretchGoalsFleetDoctrineSystemTest","Index entries are planning references."
"17","","Diplomacy and reactive narrative roadmap.","DESIGN_ONLY","docs/CANDIDATE_EXTRACTION_PACKS.md","documentation index","n/a","StretchGoalsFleetDoctrineSystemTest","Index entries are planning references."
"17","","Tactical battlefield identity art plan.","DESIGN_ONLY","docs/CANDIDATE_EXTRACTION_PACKS.md","documentation index","n/a","StretchGoalsFleetDoctrineSystemTest","Index entries are planning references."
"17","","Accessibility and input-remapping checklist.","DESIGN_ONLY","docs/CANDIDATE_EXTRACTION_PACKS.md","documentation index","n/a","StretchGoalsFleetDoctrineSystemTest","Index entries are planning references."
"17","","Architecture decomposition plan.","DESIGN_ONLY","docs/CANDIDATE_EXTRACTION_PACKS.md","documentation index","n/a","StretchGoalsFleetDoctrineSystemTest","Index entries are planning references."
"17","","Automated scenario and soak-test harness plan.","DESIGN_ONLY","docs/CANDIDATE_EXTRACTION_PACKS.md","documentation index","n/a","StretchGoalsFleetDoctrineSystemTest","Index entries are planning references."
"18","18.1 Command Network","Give every fleet a command-network topology with flagship, relay, and fallback nodes.","MODELED_ONLY","StretchGoalsFleetDoctrineSystem","compact readout API only","fleetDoctrineExpansionState","StretchGoalsFleetDoctrineSystemTest","Doctrine state is not yet applied to live tactical orders."
"18","18.1 Command Network","Add command bandwidth limits that make very large fleets harder to coordinate.","MODELED_ONLY","StretchGoalsFleetDoctrineSystem","compact readout API only","fleetDoctrineExpansionState","StretchGoalsFleetDoctrineSystemTest","Doctrine state is not yet applied to live tactical orders."
"18","18.1 Command Network","Add order queues when too many commands are issued at once.","MODELED_ONLY","StretchGoalsFleetDoctrineSystem","compact readout API only","fleetDoctrineExpansionState","StretchGoalsFleetDoctrineSystemTest","Doctrine state is not yet applied to live tactical orders."
"18","18.1 Command Network","Add command redundancy bonuses for relay ships and experienced captains.","MODELED_ONLY","StretchGoalsFleetDoctrineSystem","compact readout API only","fleetDoctrineExpansionState","StretchGoalsFleetDoctrineSystemTest","Doctrine state is not yet applied to live tactical orders."
"18","18.1 Command Network","Add command-network collapse when the flagship is destroyed or isolated.","MODELED_ONLY","StretchGoalsFleetDoctrineSystem","compact readout API only","fleetDoctrineExpansionState","StretchGoalsFleetDoctrineSystemTest","Doctrine state is not yet applied to live tactical orders."
"18","18.1 Command Network","Add emergency transfer of flag to another surviving ship.","MODELED_ONLY","StretchGoalsFleetDoctrineSystem","compact readout API only","fleetDoctrineExpansionState","StretchGoalsFleetDoctrineSystemTest","Doctrine state is not yet applied to live tactical orders."
"18","18.1 Command Network","Add visual command-link overlays during tactical pause.","MODELED_ONLY","StretchGoalsFleetDoctrineSystem","compact readout API only","fleetDoctrineExpansionState","StretchGoalsFleetDoctrineSystemTest","Doctrine state is not yet applied to live tactical orders."
"18","18.1 Command Network","Add encrypted command channels that trade bandwidth for jamming resistance.","MODELED_ONLY","StretchGoalsFleetDoctrineSystem","compact readout API only","fleetDoctrineExpansionState","StretchGoalsFleetDoctrineSystemTest","Doctrine state is not yet applied to live tactical orders."
"18","18.1 Command Network","Add burst-transmission orders for stealth fleets.","MODELED_ONLY","StretchGoalsFleetDoctrineSystem","compact readout API only","fleetDoctrineExpansionState","StretchGoalsFleetDoctrineSystemTest","Doctrine state is not yet applied to live tactical orders."
"18","18.1 Command Network","Add courier-drone orders when long-range communications are unavailable.","MODELED_ONLY","StretchGoalsFleetDoctrineSystem","compact readout API only","fleetDoctrineExpansionState","StretchGoalsFleetDoctrineSystemTest","Doctrine state is not yet applied to live tactical orders."
"18","18.1 Command Network","Add doctrine-specific acknowledgment language so fleets sound culturally distinct.","MODELED_ONLY","StretchGoalsFleetDoctrineSystem","compact readout API only","fleetDoctrineExpansionState","StretchGoalsFleetDoctrineSystemTest","Doctrine state is not yet applied to live tactical orders."
"18","18.1 Command Network","Add captains who interpret vague orders differently under pressure.","MODELED_ONLY","StretchGoalsFleetDoctrineSystem","compact readout API only","fleetDoctrineExpansionState","StretchGoalsFleetDoctrineSystemTest","Doctrine state is not yet applied to live tactical orders."
"18","18.2 Standing Orders","Add editable standing orders for ammunition conservation.","MODELED_ONLY","StretchGoalsFleetDoctrineSystem","compact readout API only","fleetDoctrineExpansionState","StretchGoalsFleetDoctrineSystemTest","Doctrine state is not yet applied to live tactical orders."
"18","18.2 Standing Orders","Add editable standing orders for retreat thresholds.","MODELED_ONLY","StretchGoalsFleetDoctrineSystem","compact readout API only","fleetDoctrineExpansionState","StretchGoalsFleetDoctrineSystemTest","Doctrine state is not yet applied to live tactical orders."
"18","18.2 Standing Orders","Add editable standing orders for rescuing disabled allies.","MODELED_ONLY","StretchGoalsFleetDoctrineSystem","compact readout API only","fleetDoctrineExpansionState","StretchGoalsFleetDoctrineSystemTest","Doctrine state is not yet applied to live tactical orders."
"18","18.2 Standing Orders","Add editable standing orders for protecting civilian traffic.","MODELED_ONLY","StretchGoalsFleetDoctrineSystem","compact readout API only","fleetDoctrineExpansionState","StretchGoalsFleetDoctrineSystemTest","Doctrine state is not yet applied to live tactical orders."
"18","18.2 Standing Orders","Add editable standing orders for pursuing fleeing enemies.","MODELED_ONLY","StretchGoalsFleetDoctrineSystem","compact readout API only","fleetDoctrineExpansionState","StretchGoalsFleetDoctrineSystemTest","Doctrine state is not yet applied to live tactical orders."
"18","18.2 Standing Orders","Add editable standing orders for accepting surrender.","MODELED_ONLY","StretchGoalsFleetDoctrineSystem","compact readout API only","fleetDoctrineExpansionState","StretchGoalsFleetDoctrineSystemTest","Doctrine state is not yet applied to live tactical orders."
"18","18.2 Standing Orders","Add editable standing orders for scuttling compromised ships.","MODELED_ONLY","StretchGoalsFleetDoctrineSystem","compact readout API only","fleetDoctrineExpansionState","StretchGoalsFleetDoctrineSystemTest","Doctrine state is not yet applied to live tactical orders."
"18","18.2 Standing Orders","Add editable standing orders for preserving rare captured technology.","MODELED_ONLY","StretchGoalsFleetDoctrineSystem","compact readout API only","fleetDoctrineExpansionState","StretchGoalsFleetDoctrineSystemTest","Doctrine state is not yet applied to live tactical orders."
"18","18.2 Standing Orders","Add doctrine templates for convoy escort, fleet battle, raid, rescue, and blockade.","MODELED_ONLY","StretchGoalsFleetDoctrineSystem","compact readout API only","fleetDoctrineExpansionState","StretchGoalsFleetDoctrineSystemTest","Doctrine state is not yet applied to live tactical orders."
"18","18.2 Standing Orders","Add captain-level exceptions to fleet-wide standing orders.","MODELED_ONLY","StretchGoalsFleetDoctrineSystem","compact readout API only","fleetDoctrineExpansionState","StretchGoalsFleetDoctrineSystemTest","Doctrine state is not yet applied to live tactical orders."
"18","18.2 Standing Orders","Add a pre-battle doctrine review screen with likely tradeoffs.","MODELED_ONLY","StretchGoalsFleetDoctrineSystem","compact readout API only","fleetDoctrineExpansionState","StretchGoalsFleetDoctrineSystemTest","Doctrine state is not yet applied to live tactical orders."
"18","18.2 Standing Orders","Add after-action notes showing which standing orders materially changed the battle.","MODELED_ONLY","StretchGoalsFleetDoctrineSystem","compact readout API only","fleetDoctrineExpansionState","StretchGoalsFleetDoctrineSystemTest","Doctrine state is not yet applied to live tactical orders."
"18","18.3 Fleet Cohesion","Track formation cohesion as a tactical resource.","MODELED_ONLY","StretchGoalsFleetDoctrineSystem","compact readout API only","fleetDoctrineExpansionState","StretchGoalsFleetDoctrineSystemTest","Doctrine state is not yet applied to live tactical orders."
"18","18.3 Fleet Cohesion","Let aggressive turns and emergency burns break formation cohesion.","MODELED_ONLY","StretchGoalsFleetDoctrineSystem","compact readout API only","fleetDoctrineExpansionState","StretchGoalsFleetDoctrineSystemTest","Doctrine state is not yet applied to live tactical orders."
"18","18.3 Fleet Cohesion","Let veteran crews reform formations faster.","MODELED_ONLY","StretchGoalsFleetDoctrineSystem","compact readout API only","fleetDoctrineExpansionState","StretchGoalsFleetDoctrineSystemTest","Doctrine state is not yet applied to live tactical orders."
"18","18.3 Fleet Cohesion","Add crossfire bonuses for coordinated squadrons.","MODELED_ONLY","StretchGoalsFleetDoctrineSystem","compact readout API only","fleetDoctrineExpansionState","StretchGoalsFleetDoctrineSystemTest","Doctrine state is not yet applied to live tactical orders."
"18","18.3 Fleet Cohesion","Add isolation penalties for ships cut off from friendly support.","MODELED_ONLY","StretchGoalsFleetDoctrineSystem","compact readout API only","fleetDoctrineExpansionState","StretchGoalsFleetDoctrineSystemTest","Doctrine state is not yet applied to live tactical orders."
"18","18.3 Fleet Cohesion","Add panic propagation when nearby ships explode or surrender.","MODELED_ONLY","StretchGoalsFleetDoctrineSystem","compact readout API only","fleetDoctrineExpansionState","StretchGoalsFleetDoctrineSystemTest","Doctrine state is not yet applied to live tactical orders."
"18","18.3 Fleet Cohesion","Add rally actions from command ships.","MODELED_ONLY","StretchGoalsFleetDoctrineSystem","compact readout API only","fleetDoctrineExpansionState","StretchGoalsFleetDoctrineSystemTest","Doctrine state is not yet applied to live tactical orders."
"18","18.3 Fleet Cohesion","Add discipline differences between military, militia, pirate, civilian, and AI fleets.","MODELED_ONLY","StretchGoalsFleetDoctrineSystem","compact readout API only","fleetDoctrineExpansionState","StretchGoalsFleetDoctrineSystemTest","Doctrine state is not yet applied to live tactical orders."
"18","18.3 Fleet Cohesion","Add exhausted formations that need a reserve rotation.","MODELED_ONLY","StretchGoalsFleetDoctrineSystem","compact readout API only","fleetDoctrineExpansionState","StretchGoalsFleetDoctrineSystemTest","Doctrine state is not yet applied to live tactical orders."
"18","18.3 Fleet Cohesion","Add visible cohesion rings and squadron-status summaries.","MODELED_ONLY","StretchGoalsFleetDoctrineSystem","compact readout API only","fleetDoctrineExpansionState","StretchGoalsFleetDoctrineSystemTest","Doctrine state is not yet applied to live tactical orders."
"19","19.1 Installations","Break stations into functional modules: docks, reactors, sensors, defense grids, refineries, and habitats.","MODELED_ONLY","DeepCampaignSimulationSystem","compact readout API only","deepCampaignExpansionState","DeepCampaignSimulationSystemTest","Stations and locations are seeded domain state, not authoritative live entities."
"19","19.1 Installations","Allow individual station modules to be disabled, repaired, captured, or destroyed.","MODELED_ONLY","DeepCampaignSimulationSystem","compact readout API only","deepCampaignExpansionState","DeepCampaignSimulationSystemTest","Stations and locations are seeded domain state, not authoritative live entities."
"19","19.1 Installations","Add construction barges that visibly assemble station modules over time.","MODELED_ONLY","DeepCampaignSimulationSystem","compact readout API only","deepCampaignExpansionState","DeepCampaignSimulationSystemTest","Stations and locations are seeded domain state, not authoritative live entities."
"19","19.1 Installations","Add emergency station shutdown procedures during raids.","MODELED_ONLY","DeepCampaignSimulationSystem","compact readout API only","deepCampaignExpansionState","DeepCampaignSimulationSystemTest","Stations and locations are seeded domain state, not authoritative live entities."
"19","19.1 Installations","Add station evacuation capacity limits.","MODELED_ONLY","DeepCampaignSimulationSystem","compact readout API only","deepCampaignExpansionState","DeepCampaignSimulationSystemTest","Stations and locations are seeded domain state, not authoritative live entities."
"19","19.1 Installations","Add station garrison quality and readiness.","MODELED_ONLY","DeepCampaignSimulationSystem","compact readout API only","deepCampaignExpansionState","DeepCampaignSimulationSystemTest","Stations and locations are seeded domain state, not authoritative live entities."
"19","19.1 Installations","Add station commanders with traits and political affiliations.","MODELED_ONLY","DeepCampaignSimulationSystem","compact readout API only","deepCampaignExpansionState","DeepCampaignSimulationSystemTest","Stations and locations are seeded domain state, not authoritative live entities."
"19","19.1 Installations","Add orbital defense networks that require relay coverage.","MODELED_ONLY","DeepCampaignSimulationSystem","compact readout API only","deepCampaignExpansionState","DeepCampaignSimulationSystemTest","Stations and locations are seeded domain state, not authoritative live entities."
"19","19.1 Installations","Add hidden smuggler docks and improvised repair yards.","MODELED_ONLY","DeepCampaignSimulationSystem","compact readout API only","deepCampaignExpansionState","DeepCampaignSimulationSystemTest","Stations and locations are seeded domain state, not authoritative live entities."
"19","19.1 Installations","Add abandoned stations that can be reclaimed at strategic cost.","MODELED_ONLY","DeepCampaignSimulationSystem","compact readout API only","deepCampaignExpansionState","DeepCampaignSimulationSystemTest","Stations and locations are seeded domain state, not authoritative live entities."
"19","19.1 Installations","Add mobile stations with slow relocation orders.","MODELED_ONLY","DeepCampaignSimulationSystem","compact readout API only","deepCampaignExpansionState","DeepCampaignSimulationSystemTest","Stations and locations are seeded domain state, not authoritative live entities."
"19","19.1 Installations","Add memorial installations after major battles.","MODELED_ONLY","DeepCampaignSimulationSystem","compact readout API only","deepCampaignExpansionState","DeepCampaignSimulationSystemTest","Stations and locations are seeded domain state, not authoritative live entities."
"19","19.2 Location Evolution","Let battlefields accumulate persistent wreck fields.","MODELED_ONLY","DeepCampaignSimulationSystem","compact readout API only","deepCampaignExpansionState","DeepCampaignSimulationSystemTest","Stations and locations are seeded domain state, not authoritative live entities."
"19","19.2 Location Evolution","Let wreck fields become salvage sites, ambush sites, hazards, or memorials.","MODELED_ONLY","DeepCampaignSimulationSystem","compact readout API only","deepCampaignExpansionState","DeepCampaignSimulationSystemTest","Stations and locations are seeded domain state, not authoritative live entities."
"19","19.2 Location Evolution","Let trade hubs visibly grow when routes are protected.","MODELED_ONLY","DeepCampaignSimulationSystem","compact readout API only","deepCampaignExpansionState","DeepCampaignSimulationSystemTest","Stations and locations are seeded domain state, not authoritative live entities."
"19","19.2 Location Evolution","Let isolated hubs lose services as shortages deepen.","MODELED_ONLY","DeepCampaignSimulationSystem","compact readout API only","deepCampaignExpansionState","DeepCampaignSimulationSystemTest","Stations and locations are seeded domain state, not authoritative live entities."
"19","19.2 Location Evolution","Let mining sites deplete, collapse, or reveal deeper deposits.","MODELED_ONLY","DeepCampaignSimulationSystem","compact readout API only","deepCampaignExpansionState","DeepCampaignSimulationSystemTest","Stations and locations are seeded domain state, not authoritative live entities."
"19","19.2 Location Evolution","Let repaired infrastructure retain visible scars.","MODELED_ONLY","DeepCampaignSimulationSystem","compact readout API only","deepCampaignExpansionState","DeepCampaignSimulationSystemTest","Stations and locations are seeded domain state, not authoritative live entities."
"19","19.2 Location Evolution","Add reconstruction projects after liberation.","MODELED_ONLY","DeepCampaignSimulationSystem","compact readout API only","deepCampaignExpansionState","DeepCampaignSimulationSystemTest","Stations and locations are seeded domain state, not authoritative live entities."
"19","19.2 Location Evolution","Add refugee populations that relocate after attacks.","MODELED_ONLY","DeepCampaignSimulationSystem","compact readout API only","deepCampaignExpansionState","DeepCampaignSimulationSystemTest","Stations and locations are seeded domain state, not authoritative live entities."
"19","19.2 Location Evolution","Add temporary military checkpoints around threatened hubs.","MODELED_ONLY","DeepCampaignSimulationSystem","compact readout API only","deepCampaignExpansionState","DeepCampaignSimulationSystemTest","Stations and locations are seeded domain state, not authoritative live entities."
"19","19.2 Location Evolution","Add seasonal traffic patterns and convoy surges.","MODELED_ONLY","DeepCampaignSimulationSystem","compact readout API only","deepCampaignExpansionState","DeepCampaignSimulationSystemTest","Stations and locations are seeded domain state, not authoritative live entities."
"19","19.2 Location Evolution","Add location histories that summarize major ownership changes and battles.","MODELED_ONLY","DeepCampaignSimulationSystem","compact readout API only","deepCampaignExpansionState","DeepCampaignSimulationSystemTest","Stations and locations are seeded domain state, not authoritative live entities."
"19","19.2 Location Evolution","Add map-layer before-and-after comparisons for long campaigns.","MODELED_ONLY","DeepCampaignSimulationSystem","compact readout API only","deepCampaignExpansionState","DeepCampaignSimulationSystemTest","Stations and locations are seeded domain state, not authoritative live entities."
"19","19.3 Planetary And Orbital Layers","Add low-orbit battlefields with atmospheric drag and orbital debris.","MODELED_ONLY","DeepCampaignSimulationSystem","compact readout API only","deepCampaignExpansionState","DeepCampaignSimulationSystemTest","Stations and locations are seeded domain state, not authoritative live entities."
"19","19.3 Planetary And Orbital Layers","Add high-orbit transfer windows that change route efficiency.","MODELED_ONLY","DeepCampaignSimulationSystem","compact readout API only","deepCampaignExpansionState","DeepCampaignSimulationSystemTest","Stations and locations are seeded domain state, not authoritative live entities."
"19","19.3 Planetary And Orbital Layers","Add planetary shadow zones that affect sensors and solar power.","MODELED_ONLY","DeepCampaignSimulationSystem","compact readout API only","deepCampaignExpansionState","DeepCampaignSimulationSystemTest","Stations and locations are seeded domain state, not authoritative live entities."
"19","19.3 Planetary And Orbital Layers","Add moon-based sensor relays and artillery emplacements.","MODELED_ONLY","DeepCampaignSimulationSystem","compact readout API only","deepCampaignExpansionState","DeepCampaignSimulationSystemTest","Stations and locations are seeded domain state, not authoritative live entities."
"19","19.3 Planetary And Orbital Layers","Add surface-to-orbit logistics elevators as strategic objectives.","MODELED_ONLY","DeepCampaignSimulationSystem","compact readout API only","deepCampaignExpansionState","DeepCampaignSimulationSystemTest","Stations and locations are seeded domain state, not authoritative live entities."
"19","19.3 Planetary And Orbital Layers","Add civilian evacuation corridors around inhabited worlds.","MODELED_ONLY","DeepCampaignSimulationSystem","compact readout API only","deepCampaignExpansionState","DeepCampaignSimulationSystemTest","Stations and locations are seeded domain state, not authoritative live entities."
"19","19.3 Planetary And Orbital Layers","Add orbital quarantine zones during outbreaks or contamination events.","MODELED_ONLY","DeepCampaignSimulationSystem","compact readout API only","deepCampaignExpansionState","DeepCampaignSimulationSystemTest","Stations and locations are seeded domain state, not authoritative live entities."
"19","19.3 Planetary And Orbital Layers","Add reentry-capable transports and rescue capsules.","MODELED_ONLY","DeepCampaignSimulationSystem","compact readout API only","deepCampaignExpansionState","DeepCampaignSimulationSystemTest","Stations and locations are seeded domain state, not authoritative live entities."
"19","19.3 Planetary And Orbital Layers","Add planetary allegiance shifts based on protection, shortages, and collateral damage.","MODELED_ONLY","DeepCampaignSimulationSystem","compact readout API only","deepCampaignExpansionState","DeepCampaignSimulationSystemTest","Stations and locations are seeded domain state, not authoritative live entities."
"19","19.3 Planetary And Orbital Layers","Add orbit-specific skyboxes, audio ambience, and map symbology.","MODELED_ONLY","DeepCampaignSimulationSystem","compact readout API only","deepCampaignExpansionState","DeepCampaignSimulationSystemTest","Stations and locations are seeded domain state, not authoritative live entities."
"20","20.1 Crew Careers","Track individual officer careers across multiple ships.","MODELED_ONLY","DeepCampaignSimulationSystem","compact readout API only","deepCampaignExpansionState","DeepCampaignSimulationSystemTest","Personnel and civilian state are not driven by normal campaign outcomes."
"20","20.1 Crew Careers","Add promotion recommendations and command assignments.","MODELED_ONLY","DeepCampaignSimulationSystem","compact readout API only","deepCampaignExpansionState","DeepCampaignSimulationSystemTest","Personnel and civilian state are not driven by normal campaign outcomes."
"20","20.1 Crew Careers","Add specialist training programs with time and resource costs.","MODELED_ONLY","DeepCampaignSimulationSystem","compact readout API only","deepCampaignExpansionState","DeepCampaignSimulationSystemTest","Personnel and civilian state are not driven by normal campaign outcomes."
"20","20.1 Crew Careers","Add mentorship links between veteran and junior officers.","MODELED_ONLY","DeepCampaignSimulationSystem","compact readout API only","deepCampaignExpansionState","DeepCampaignSimulationSystemTest","Personnel and civilian state are not driven by normal campaign outcomes."
"20","20.1 Crew Careers","Add officer fatigue from repeated deployments.","MODELED_ONLY","DeepCampaignSimulationSystem","compact readout API only","deepCampaignExpansionState","DeepCampaignSimulationSystemTest","Personnel and civilian state are not driven by normal campaign outcomes."
"20","20.1 Crew Careers","Add medical leave and recovery time after severe injuries.","MODELED_ONLY","DeepCampaignSimulationSystem","compact readout API only","deepCampaignExpansionState","DeepCampaignSimulationSystemTest","Personnel and civilian state are not driven by normal campaign outcomes."
"20","20.1 Crew Careers","Add commendations with small situational bonuses and narrative weight.","MODELED_ONLY","DeepCampaignSimulationSystem","compact readout API only","deepCampaignExpansionState","DeepCampaignSimulationSystemTest","Personnel and civilian state are not driven by normal campaign outcomes."
"20","20.1 Crew Careers","Add disciplinary records after insubordination, panic, or war crimes.","MODELED_ONLY","DeepCampaignSimulationSystem","compact readout API only","deepCampaignExpansionState","DeepCampaignSimulationSystemTest","Personnel and civilian state are not driven by normal campaign outcomes."
"20","20.1 Crew Careers","Add retirement, reassignment, and voluntary transfer requests.","MODELED_ONLY","DeepCampaignSimulationSystem","compact readout API only","deepCampaignExpansionState","DeepCampaignSimulationSystemTest","Personnel and civilian state are not driven by normal campaign outcomes."
"20","20.1 Crew Careers","Add officers who return later as captains, rivals, or faction leaders.","MODELED_ONLY","DeepCampaignSimulationSystem","compact readout API only","deepCampaignExpansionState","DeepCampaignSimulationSystemTest","Personnel and civilian state are not driven by normal campaign outcomes."
"20","20.2 Fleet Culture","Give fleets traditions that emerge from repeated behavior.","MODELED_ONLY","DeepCampaignSimulationSystem","compact readout API only","deepCampaignExpansionState","DeepCampaignSimulationSystemTest","Personnel and civilian state are not driven by normal campaign outcomes."
"20","20.2 Fleet Culture","Add informal fleet mottos earned from major events.","MODELED_ONLY","DeepCampaignSimulationSystem","compact readout API only","deepCampaignExpansionState","DeepCampaignSimulationSystemTest","Personnel and civilian state are not driven by normal campaign outcomes."
"20","20.2 Fleet Culture","Add shipboard rituals before difficult battles.","MODELED_ONLY","DeepCampaignSimulationSystem","compact readout API only","deepCampaignExpansionState","DeepCampaignSimulationSystemTest","Personnel and civilian state are not driven by normal campaign outcomes."
"20","20.2 Fleet Culture","Add morale bonuses for rescuing survivors and recovering lost hulls.","MODELED_ONLY","DeepCampaignSimulationSystem","compact readout API only","deepCampaignExpansionState","DeepCampaignSimulationSystemTest","Personnel and civilian state are not driven by normal campaign outcomes."
"20","20.2 Fleet Culture","Add morale penalties for abandoning disabled allies.","MODELED_ONLY","DeepCampaignSimulationSystem","compact readout API only","deepCampaignExpansionState","DeepCampaignSimulationSystemTest","Personnel and civilian state are not driven by normal campaign outcomes."
"20","20.2 Fleet Culture","Add friction when captured ships are integrated into a fleet.","MODELED_ONLY","DeepCampaignSimulationSystem","compact readout API only","deepCampaignExpansionState","DeepCampaignSimulationSystemTest","Personnel and civilian state are not driven by normal campaign outcomes."
"20","20.2 Fleet Culture","Add faction-mixed crews with translation and trust challenges.","MODELED_ONLY","DeepCampaignSimulationSystem","compact readout API only","deepCampaignExpansionState","DeepCampaignSimulationSystemTest","Personnel and civilian state are not driven by normal campaign outcomes."
"20","20.2 Fleet Culture","Add memorial ceremonies after catastrophic losses.","MODELED_ONLY","DeepCampaignSimulationSystem","compact readout API only","deepCampaignExpansionState","DeepCampaignSimulationSystemTest","Personnel and civilian state are not driven by normal campaign outcomes."
"20","20.2 Fleet Culture","Add holiday, anniversary, and remembrance events during long campaigns.","MODELED_ONLY","DeepCampaignSimulationSystem","compact readout API only","deepCampaignExpansionState","DeepCampaignSimulationSystemTest","Personnel and civilian state are not driven by normal campaign outcomes."
"20","20.2 Fleet Culture","Add a fleet culture summary showing how the player's command style is perceived.","MODELED_ONLY","DeepCampaignSimulationSystem","compact readout API only","deepCampaignExpansionState","DeepCampaignSimulationSystemTest","Personnel and civilian state are not driven by normal campaign outcomes."
"20","20.3 Civilian Life","Add civilian captains with persistent names and route histories.","MODELED_ONLY","DeepCampaignSimulationSystem","compact readout API only","deepCampaignExpansionState","DeepCampaignSimulationSystemTest","Personnel and civilian state are not driven by normal campaign outcomes."
"20","20.3 Civilian Life","Add merchant guilds with competing priorities.","MODELED_ONLY","DeepCampaignSimulationSystem","compact readout API only","deepCampaignExpansionState","DeepCampaignSimulationSystemTest","Personnel and civilian state are not driven by normal campaign outcomes."
"20","20.3 Civilian Life","Add mining cooperatives that can request protection or autonomy.","MODELED_ONLY","DeepCampaignSimulationSystem","compact readout API only","deepCampaignExpansionState","DeepCampaignSimulationSystemTest","Personnel and civilian state are not driven by normal campaign outcomes."
"20","20.3 Civilian Life","Add refugee flotillas with urgent routing decisions.","MODELED_ONLY","DeepCampaignSimulationSystem","compact readout API only","deepCampaignExpansionState","DeepCampaignSimulationSystemTest","Personnel and civilian state are not driven by normal campaign outcomes."
"20","20.3 Civilian Life","Add independent rescue organizations.","MODELED_ONLY","DeepCampaignSimulationSystem","compact readout API only","deepCampaignExpansionState","DeepCampaignSimulationSystemTest","Personnel and civilian state are not driven by normal campaign outcomes."
"20","20.3 Civilian Life","Add journalists and war correspondents who shape public perception.","MODELED_ONLY","DeepCampaignSimulationSystem","compact readout API only","deepCampaignExpansionState","DeepCampaignSimulationSystemTest","Personnel and civilian state are not driven by normal campaign outcomes."
"20","20.3 Civilian Life","Add civilian rumors that may be useful, outdated, or deliberately false.","MODELED_ONLY","DeepCampaignSimulationSystem","compact readout API only","deepCampaignExpansionState","DeepCampaignSimulationSystemTest","Personnel and civilian state are not driven by normal campaign outcomes."
"20","20.3 Civilian Life","Add civilian volunteer auxiliaries during existential threats.","MODELED_ONLY","DeepCampaignSimulationSystem","compact readout API only","deepCampaignExpansionState","DeepCampaignSimulationSystemTest","Personnel and civilian state are not driven by normal campaign outcomes."
"20","20.3 Civilian Life","Add black-market fixers who remember favors and betrayals.","MODELED_ONLY","DeepCampaignSimulationSystem","compact readout API only","deepCampaignExpansionState","DeepCampaignSimulationSystemTest","Personnel and civilian state are not driven by normal campaign outcomes."
"20","20.3 Civilian Life","Add civilian casualty reports with clear causal chains.","MODELED_ONLY","DeepCampaignSimulationSystem","compact readout API only","deepCampaignExpansionState","DeepCampaignSimulationSystemTest","Personnel and civilian state are not driven by normal campaign outcomes."
"21","21.1 Planning Tools","Add multi-step operation plans with named phases.","MODELED_ONLY","DeepCampaignSimulationSystem","compact readout API only","deepCampaignExpansionState","DeepCampaignSimulationSystemTest","Planning, intelligence, and espionage are not playable flows."
"21","21.1 Planning Tools","Add synchronized departure times for several task groups.","MODELED_ONLY","DeepCampaignSimulationSystem","compact readout API only","deepCampaignExpansionState","DeepCampaignSimulationSystemTest","Planning, intelligence, and espionage are not playable flows."
"21","21.1 Planning Tools","Add conditional orders such as ""engage only if escorts arrive.""","MODELED_ONLY","DeepCampaignSimulationSystem","compact readout API only","deepCampaignExpansionState","DeepCampaignSimulationSystemTest","Planning, intelligence, and espionage are not playable flows."
"21","21.1 Planning Tools","Add branch plans for success, stalemate, and retreat.","MODELED_ONLY","DeepCampaignSimulationSystem","compact readout API only","deepCampaignExpansionState","DeepCampaignSimulationSystemTest","Planning, intelligence, and espionage are not playable flows."
"21","21.1 Planning Tools","Add staging-area selection.","MODELED_ONLY","DeepCampaignSimulationSystem","compact readout API only","deepCampaignExpansionState","DeepCampaignSimulationSystemTest","Planning, intelligence, and espionage are not playable flows."
"21","21.1 Planning Tools","Add reserve commitment triggers.","MODELED_ONLY","DeepCampaignSimulationSystem","compact readout API only","deepCampaignExpansionState","DeepCampaignSimulationSystemTest","Planning, intelligence, and espionage are not playable flows."
"21","21.1 Planning Tools","Add fuel, ammunition, repair, and crew-readiness projections per phase.","MODELED_ONLY","DeepCampaignSimulationSystem","compact readout API only","deepCampaignExpansionState","DeepCampaignSimulationSystemTest","Planning, intelligence, and espionage are not playable flows."
"21","21.1 Planning Tools","Add expected enemy-response estimates.","MODELED_ONLY","DeepCampaignSimulationSystem","compact readout API only","deepCampaignExpansionState","DeepCampaignSimulationSystemTest","Planning, intelligence, and espionage are not playable flows."
"21","21.1 Planning Tools","Add operation rehearsal using incomplete intelligence.","MODELED_ONLY","DeepCampaignSimulationSystem","compact readout API only","deepCampaignExpansionState","DeepCampaignSimulationSystemTest","Planning, intelligence, and espionage are not playable flows."
"21","21.1 Planning Tools","Add reusable operation templates.","MODELED_ONLY","DeepCampaignSimulationSystem","compact readout API only","deepCampaignExpansionState","DeepCampaignSimulationSystemTest","Planning, intelligence, and espionage are not playable flows."
"21","21.1 Planning Tools","Add a commander's notebook for pinned assumptions and unresolved risks.","MODELED_ONLY","DeepCampaignSimulationSystem","compact readout API only","deepCampaignExpansionState","DeepCampaignSimulationSystemTest","Planning, intelligence, and espionage are not playable flows."
"21","21.1 Planning Tools","Add post-operation comparisons between plan and outcome.","MODELED_ONLY","DeepCampaignSimulationSystem","compact readout API only","deepCampaignExpansionState","DeepCampaignSimulationSystemTest","Planning, intelligence, and espionage are not playable flows."
"21","21.2 Intelligence Analysis","Add intelligence sources with reliability ratings.","MODELED_ONLY","DeepCampaignSimulationSystem","compact readout API only","deepCampaignExpansionState","DeepCampaignSimulationSystemTest","Planning, intelligence, and espionage are not playable flows."
"21","21.2 Intelligence Analysis","Add intercepted manifests that reveal convoy composition.","MODELED_ONLY","DeepCampaignSimulationSystem","compact readout API only","deepCampaignExpansionState","DeepCampaignSimulationSystemTest","Planning, intelligence, and espionage are not playable flows."
"21","21.2 Intelligence Analysis","Add scout reports that can conflict with one another.","MODELED_ONLY","DeepCampaignSimulationSystem","compact readout API only","deepCampaignExpansionState","DeepCampaignSimulationSystemTest","Planning, intelligence, and espionage are not playable flows."
"21","21.2 Intelligence Analysis","Add enemy order-of-battle estimates with confidence bands.","MODELED_ONLY","DeepCampaignSimulationSystem","compact readout API only","deepCampaignExpansionState","DeepCampaignSimulationSystemTest","Planning, intelligence, and espionage are not playable flows."
"21","21.2 Intelligence Analysis","Add analyst recommendations that can be right, incomplete, or biased.","MODELED_ONLY","DeepCampaignSimulationSystem","compact readout API only","deepCampaignExpansionState","DeepCampaignSimulationSystemTest","Planning, intelligence, and espionage are not playable flows."
"21","21.2 Intelligence Analysis","Add intelligence gaps explicitly shown on the map.","MODELED_ONLY","DeepCampaignSimulationSystem","compact readout API only","deepCampaignExpansionState","DeepCampaignSimulationSystemTest","Planning, intelligence, and espionage are not playable flows."
"21","21.2 Intelligence Analysis","Add historical enemy-behavior summaries.","MODELED_ONLY","DeepCampaignSimulationSystem","compact readout API only","deepCampaignExpansionState","DeepCampaignSimulationSystemTest","Planning, intelligence, and espionage are not playable flows."
"21","21.2 Intelligence Analysis","Add pattern detection for repeated raids and convoy timings.","MODELED_ONLY","DeepCampaignSimulationSystem","compact readout API only","deepCampaignExpansionState","DeepCampaignSimulationSystemTest","Planning, intelligence, and espionage are not playable flows."
"21","21.2 Intelligence Analysis","Add misinformation campaigns that plant believable false patterns.","MODELED_ONLY","DeepCampaignSimulationSystem","compact readout API only","deepCampaignExpansionState","DeepCampaignSimulationSystemTest","Planning, intelligence, and espionage are not playable flows."
"21","21.2 Intelligence Analysis","Add captured navigation data that reveals temporary routes.","MODELED_ONLY","DeepCampaignSimulationSystem","compact readout API only","deepCampaignExpansionState","DeepCampaignSimulationSystemTest","Planning, intelligence, and espionage are not playable flows."
"21","21.2 Intelligence Analysis","Add debriefing choices that improve intelligence quality.","MODELED_ONLY","DeepCampaignSimulationSystem","compact readout API only","deepCampaignExpansionState","DeepCampaignSimulationSystemTest","Planning, intelligence, and espionage are not playable flows."
"21","21.2 Intelligence Analysis","Add an intelligence archive searchable by location, faction, and date.","MODELED_ONLY","DeepCampaignSimulationSystem","compact readout API only","deepCampaignExpansionState","DeepCampaignSimulationSystemTest","Planning, intelligence, and espionage are not playable flows."
"21","21.3 Espionage And Counterintelligence","Add covert agents embedded in hubs and shipyards.","MODELED_ONLY","DeepCampaignSimulationSystem","compact readout API only","deepCampaignExpansionState","DeepCampaignSimulationSystemTest","Planning, intelligence, and espionage are not playable flows."
"21","21.3 Espionage And Counterintelligence","Add agent recruitment with loyalty risks.","MODELED_ONLY","DeepCampaignSimulationSystem","compact readout API only","deepCampaignExpansionState","DeepCampaignSimulationSystemTest","Planning, intelligence, and espionage are not playable flows."
"21","21.3 Espionage And Counterintelligence","Add sabotage operations against fuel, sensors, docks, and communications.","MODELED_ONLY","DeepCampaignSimulationSystem","compact readout API only","deepCampaignExpansionState","DeepCampaignSimulationSystemTest","Planning, intelligence, and espionage are not playable flows."
"21","21.3 Espionage And Counterintelligence","Add counterintelligence sweeps that may disrupt friendly operations.","MODELED_ONLY","DeepCampaignSimulationSystem","compact readout API only","deepCampaignExpansionState","DeepCampaignSimulationSystemTest","Planning, intelligence, and espionage are not playable flows."
"21","21.3 Espionage And Counterintelligence","Add compromised officers and false orders.","MODELED_ONLY","DeepCampaignSimulationSystem","compact readout API only","deepCampaignExpansionState","DeepCampaignSimulationSystemTest","Planning, intelligence, and espionage are not playable flows."
"21","21.3 Espionage And Counterintelligence","Add extraction missions for exposed agents.","MODELED_ONLY","DeepCampaignSimulationSystem","compact readout API only","deepCampaignExpansionState","DeepCampaignSimulationSystemTest","Planning, intelligence, and espionage are not playable flows."
"21","21.3 Espionage And Counterintelligence","Add double agents with uncertain allegiance.","MODELED_ONLY","DeepCampaignSimulationSystem","compact readout API only","deepCampaignExpansionState","DeepCampaignSimulationSystemTest","Planning, intelligence, and espionage are not playable flows."
"21","21.3 Espionage And Counterintelligence","Add encrypted dead-drop locations.","MODELED_ONLY","DeepCampaignSimulationSystem","compact readout API only","deepCampaignExpansionState","DeepCampaignSimulationSystemTest","Planning, intelligence, and espionage are not playable flows."
"21","21.3 Espionage And Counterintelligence","Add propaganda operations that affect faction exhaustion and civilian support.","MODELED_ONLY","DeepCampaignSimulationSystem","compact readout API only","deepCampaignExpansionState","DeepCampaignSimulationSystemTest","Planning, intelligence, and espionage are not playable flows."
"21","21.3 Espionage And Counterintelligence","Add diplomatic incidents when covert actions are exposed.","MODELED_ONLY","DeepCampaignSimulationSystem","compact readout API only","deepCampaignExpansionState","DeepCampaignSimulationSystemTest","Planning, intelligence, and espionage are not playable flows."
"22","22.1 Dynamic Hazards","Add moving radiation storms that reshape safe routes.","MODELED_ONLY","DeepCampaignSimulationSystem","compact readout API only","deepCampaignExpansionState","DeepCampaignSimulationSystemTest","Hazards and resource ecology do not advance through live campaign time."
"22","22.1 Dynamic Hazards","Add solar flare forecasts with uncertain timing.","MODELED_ONLY","DeepCampaignSimulationSystem","compact readout API only","deepCampaignExpansionState","DeepCampaignSimulationSystemTest","Hazards and resource ecology do not advance through live campaign time."
"22","22.1 Dynamic Hazards","Add comet trails that create temporary mining opportunities and navigation hazards.","MODELED_ONLY","DeepCampaignSimulationSystem","compact readout API only","deepCampaignExpansionState","DeepCampaignSimulationSystemTest","Hazards and resource ecology do not advance through live campaign time."
"22","22.1 Dynamic Hazards","Add unstable asteroid clusters that slowly drift and collide.","MODELED_ONLY","DeepCampaignSimulationSystem","compact readout API only","deepCampaignExpansionState","DeepCampaignSimulationSystemTest","Hazards and resource ecology do not advance through live campaign time."
"22","22.1 Dynamic Hazards","Add ion clouds that amplify jamming and shield instability.","MODELED_ONLY","DeepCampaignSimulationSystem","compact readout API only","deepCampaignExpansionState","DeepCampaignSimulationSystemTest","Hazards and resource ecology do not advance through live campaign time."
"22","22.1 Dynamic Hazards","Add dense debris fields that damage high-speed ships.","MODELED_ONLY","DeepCampaignSimulationSystem","compact readout API only","deepCampaignExpansionState","DeepCampaignSimulationSystemTest","Hazards and resource ecology do not advance through live campaign time."
"22","22.1 Dynamic Hazards","Add micro-meteor showers that threaten exposed station modules.","MODELED_ONLY","DeepCampaignSimulationSystem","compact readout API only","deepCampaignExpansionState","DeepCampaignSimulationSystemTest","Hazards and resource ecology do not advance through live campaign time."
"22","22.1 Dynamic Hazards","Add magnetic anomalies that bend missile guidance.","MODELED_ONLY","DeepCampaignSimulationSystem","compact readout API only","deepCampaignExpansionState","DeepCampaignSimulationSystemTest","Hazards and resource ecology do not advance through live campaign time."
"22","22.1 Dynamic Hazards","Add gravity wells that change braking distance and warp exit accuracy.","MODELED_ONLY","DeepCampaignSimulationSystem","compact readout API only","deepCampaignExpansionState","DeepCampaignSimulationSystemTest","Hazards and resource ecology do not advance through live campaign time."
"22","22.1 Dynamic Hazards","Add volatile gas pockets that can chain-react under weapons fire.","MODELED_ONLY","DeepCampaignSimulationSystem","compact readout API only","deepCampaignExpansionState","DeepCampaignSimulationSystemTest","Hazards and resource ecology do not advance through live campaign time."
"22","22.1 Dynamic Hazards","Add environmental hazard maps with confidence and age.","MODELED_ONLY","DeepCampaignSimulationSystem","compact readout API only","deepCampaignExpansionState","DeepCampaignSimulationSystemTest","Hazards and resource ecology do not advance through live campaign time."
"22","22.1 Dynamic Hazards","Add AI doctrine changes when fleets encounter known hazards.","MODELED_ONLY","DeepCampaignSimulationSystem","compact readout API only","deepCampaignExpansionState","DeepCampaignSimulationSystemTest","Hazards and resource ecology do not advance through live campaign time."
"22","22.2 Resource Ecology","Let rich deposits attract miners, pirates, patrols, and speculators over time.","MODELED_ONLY","DeepCampaignSimulationSystem","compact readout API only","deepCampaignExpansionState","DeepCampaignSimulationSystemTest","Hazards and resource ecology do not advance through live campaign time."
"22","22.2 Resource Ecology","Let over-mining increase collapse risk and reduce long-term yield.","MODELED_ONLY","DeepCampaignSimulationSystem","compact readout API only","deepCampaignExpansionState","DeepCampaignSimulationSystemTest","Hazards and resource ecology do not advance through live campaign time."
"22","22.2 Resource Ecology","Add refinery pollution or debris as a local strategic cost.","MODELED_ONLY","DeepCampaignSimulationSystem","compact readout API only","deepCampaignExpansionState","DeepCampaignSimulationSystemTest","Hazards and resource ecology do not advance through live campaign time."
"22","22.2 Resource Ecology","Add survey uncertainty so prospecting remains valuable.","MODELED_ONLY","DeepCampaignSimulationSystem","compact readout API only","deepCampaignExpansionState","DeepCampaignSimulationSystemTest","Hazards and resource ecology do not advance through live campaign time."
"22","22.2 Resource Ecology","Add rare materials tied to dangerous environmental regions.","MODELED_ONLY","DeepCampaignSimulationSystem","compact readout API only","deepCampaignExpansionState","DeepCampaignSimulationSystemTest","Hazards and resource ecology do not advance through live campaign time."
"22","22.2 Resource Ecology","Add mobile resource phenomena such as cometary ice and drifting wreck clusters.","MODELED_ONLY","DeepCampaignSimulationSystem","compact readout API only","deepCampaignExpansionState","DeepCampaignSimulationSystemTest","Hazards and resource ecology do not advance through live campaign time."
"22","22.2 Resource Ecology","Add depleted belts that push factions into new contested regions.","MODELED_ONLY","DeepCampaignSimulationSystem","compact readout API only","deepCampaignExpansionState","DeepCampaignSimulationSystemTest","Hazards and resource ecology do not advance through live campaign time."
"22","22.2 Resource Ecology","Add salvage booms after major wars.","MODELED_ONLY","DeepCampaignSimulationSystem","compact readout API only","deepCampaignExpansionState","DeepCampaignSimulationSystemTest","Hazards and resource ecology do not advance through live campaign time."
"22","22.2 Resource Ecology","Add faction policies for conservation, extraction, rationing, and hoarding.","MODELED_ONLY","DeepCampaignSimulationSystem","compact readout API only","deepCampaignExpansionState","DeepCampaignSimulationSystemTest","Hazards and resource ecology do not advance through live campaign time."
"22","22.2 Resource Ecology","Add economic forecasts tied to resource discoveries and losses.","MODELED_ONLY","DeepCampaignSimulationSystem","compact readout API only","deepCampaignExpansionState","DeepCampaignSimulationSystemTest","Hazards and resource ecology do not advance through live campaign time."
"23","23.1 Faction Identity","Give each faction a distinct logistical model instead of only combat bonuses.","MODELED_ONLY","DeepCampaignSimulationSystem","compact readout API only","deepCampaignExpansionState","DeepCampaignSimulationSystemTest","Faction identity and politics are descriptive state, not live simulation."
"23","23.1 Faction Identity","Give each faction a distinct approach to surrender, salvage, and prisoners.","MODELED_ONLY","DeepCampaignSimulationSystem","compact readout API only","deepCampaignExpansionState","DeepCampaignSimulationSystemTest","Faction identity and politics are descriptive state, not live simulation."
"23","23.1 Faction Identity","Give each faction unique station layouts and infrastructure priorities.","MODELED_ONLY","DeepCampaignSimulationSystem","compact readout API only","deepCampaignExpansionState","DeepCampaignSimulationSystemTest","Faction identity and politics are descriptive state, not live simulation."
"23","23.1 Faction Identity","Give each faction signature command-network strengths and weaknesses.","MODELED_ONLY","DeepCampaignSimulationSystem","compact readout API only","deepCampaignExpansionState","DeepCampaignSimulationSystemTest","Faction identity and politics are descriptive state, not live simulation."
"23","23.1 Faction Identity","Give each faction unique crisis responses.","MODELED_ONLY","DeepCampaignSimulationSystem","compact readout API only","deepCampaignExpansionState","DeepCampaignSimulationSystemTest","Faction identity and politics are descriptive state, not live simulation."
"23","23.1 Faction Identity","Give each faction different tolerances for collateral damage.","MODELED_ONLY","DeepCampaignSimulationSystem","compact readout API only","deepCampaignExpansionState","DeepCampaignSimulationSystemTest","Faction identity and politics are descriptive state, not live simulation."
"23","23.1 Faction Identity","Add faction-specific mission families.","MODELED_ONLY","DeepCampaignSimulationSystem","compact readout API only","deepCampaignExpansionState","DeepCampaignSimulationSystemTest","Faction identity and politics are descriptive state, not live simulation."
"23","23.1 Faction Identity","Add faction-specific officer archetypes and radio language.","MODELED_ONLY","DeepCampaignSimulationSystem","compact readout API only","deepCampaignExpansionState","DeepCampaignSimulationSystemTest","Faction identity and politics are descriptive state, not live simulation."
"23","23.1 Faction Identity","Add faction-specific victory and survival conditions.","MODELED_ONLY","DeepCampaignSimulationSystem","compact readout API only","deepCampaignExpansionState","DeepCampaignSimulationSystemTest","Faction identity and politics are descriptive state, not live simulation."
"23","23.1 Faction Identity","Add faction-specific UI accent motifs without harming readability.","MODELED_ONLY","DeepCampaignSimulationSystem","compact readout API only","deepCampaignExpansionState","DeepCampaignSimulationSystemTest","Faction identity and politics are descriptive state, not live simulation."
"23","23.2 Internal Politics","Split major factions into internal blocs with visible agendas.","MODELED_ONLY","DeepCampaignSimulationSystem","compact readout API only","deepCampaignExpansionState","DeepCampaignSimulationSystemTest","Faction identity and politics are descriptive state, not live simulation."
"23","23.2 Internal Politics","Add military, industrial, civilian, ideological, and intelligence power centers.","MODELED_ONLY","DeepCampaignSimulationSystem","compact readout API only","deepCampaignExpansionState","DeepCampaignSimulationSystemTest","Faction identity and politics are descriptive state, not live simulation."
"23","23.2 Internal Politics","Add bloc approval and leverage.","MODELED_ONLY","DeepCampaignSimulationSystem","compact readout API only","deepCampaignExpansionState","DeepCampaignSimulationSystemTest","Faction identity and politics are descriptive state, not live simulation."
"23","23.2 Internal Politics","Add requests that trade tactical convenience for political support.","MODELED_ONLY","DeepCampaignSimulationSystem","compact readout API only","deepCampaignExpansionState","DeepCampaignSimulationSystemTest","Faction identity and politics are descriptive state, not live simulation."
"23","23.2 Internal Politics","Add leadership changes after defeats, scandals, and victories.","MODELED_ONLY","DeepCampaignSimulationSystem","compact readout API only","deepCampaignExpansionState","DeepCampaignSimulationSystemTest","Faction identity and politics are descriptive state, not live simulation."
"23","23.2 Internal Politics","Add budget disputes that affect construction and logistics.","MODELED_ONLY","DeepCampaignSimulationSystem","compact readout API only","deepCampaignExpansionState","DeepCampaignSimulationSystemTest","Faction identity and politics are descriptive state, not live simulation."
"23","23.2 Internal Politics","Add faction hardliners who resist ceasefires.","MODELED_ONLY","DeepCampaignSimulationSystem","compact readout API only","deepCampaignExpansionState","DeepCampaignSimulationSystemTest","Faction identity and politics are descriptive state, not live simulation."
"23","23.2 Internal Politics","Add reformers who reward restraint and rescue operations.","MODELED_ONLY","DeepCampaignSimulationSystem","compact readout API only","deepCampaignExpansionState","DeepCampaignSimulationSystemTest","Faction identity and politics are descriptive state, not live simulation."
"23","23.2 Internal Politics","Add corruption investigations around procurement and salvage.","MODELED_ONLY","DeepCampaignSimulationSystem","compact readout API only","deepCampaignExpansionState","DeepCampaignSimulationSystemTest","Faction identity and politics are descriptive state, not live simulation."
"23","23.2 Internal Politics","Add internal schisms that can become neutral or hostile splinter factions.","MODELED_ONLY","DeepCampaignSimulationSystem","compact readout API only","deepCampaignExpansionState","DeepCampaignSimulationSystemTest","Faction identity and politics are descriptive state, not live simulation."
"23","23.2 Internal Politics","Add player choices that strengthen one bloc while alienating another.","MODELED_ONLY","DeepCampaignSimulationSystem","compact readout API only","deepCampaignExpansionState","DeepCampaignSimulationSystemTest","Faction identity and politics are descriptive state, not live simulation."
"23","23.2 Internal Politics","Add ending slides for the political order the player helped create.","MODELED_ONLY","DeepCampaignSimulationSystem","compact readout API only","deepCampaignExpansionState","DeepCampaignSimulationSystemTest","Faction identity and politics are descriptive state, not live simulation."
"23","23.3 Pirate, Mercenary, And Neutral Powers","Add pirate havens with local economies and protection rackets.","MODELED_ONLY","DeepCampaignSimulationSystem","compact readout API only","deepCampaignExpansionState","DeepCampaignSimulationSystemTest","Faction identity and politics are descriptive state, not live simulation."
"23","23.3 Pirate, Mercenary, And Neutral Powers","Add mercenary companies with persistent fleets and reputations.","MODELED_ONLY","DeepCampaignSimulationSystem","compact readout API only","deepCampaignExpansionState","DeepCampaignSimulationSystemTest","Faction identity and politics are descriptive state, not live simulation."
"23","23.3 Pirate, Mercenary, And Neutral Powers","Add neutral defense leagues formed by threatened hubs.","MODELED_ONLY","DeepCampaignSimulationSystem","compact readout API only","deepCampaignExpansionState","DeepCampaignSimulationSystemTest","Faction identity and politics are descriptive state, not live simulation."
"23","23.3 Pirate, Mercenary, And Neutral Powers","Add religious or ideological enclaves with unusual rules of engagement.","MODELED_ONLY","DeepCampaignSimulationSystem","compact readout API only","deepCampaignExpansionState","DeepCampaignSimulationSystemTest","Faction identity and politics are descriptive state, not live simulation."
"23","23.3 Pirate, Mercenary, And Neutral Powers","Add nomadic flotillas with mobile markets.","MODELED_ONLY","DeepCampaignSimulationSystem","compact readout API only","deepCampaignExpansionState","DeepCampaignSimulationSystemTest","Faction identity and politics are descriptive state, not live simulation."
"23","23.3 Pirate, Mercenary, And Neutral Powers","Add scavenger clans that follow major battles.","MODELED_ONLY","DeepCampaignSimulationSystem","compact readout API only","deepCampaignExpansionState","DeepCampaignSimulationSystemTest","Faction identity and politics are descriptive state, not live simulation."
"23","23.3 Pirate, Mercenary, And Neutral Powers","Add smugglers who can bypass blockades at a price.","MODELED_ONLY","DeepCampaignSimulationSystem","compact readout API only","deepCampaignExpansionState","DeepCampaignSimulationSystemTest","Faction identity and politics are descriptive state, not live simulation."
"23","23.3 Pirate, Mercenary, And Neutral Powers","Add privateers whose legal status changes with diplomacy.","MODELED_ONLY","DeepCampaignSimulationSystem","compact readout API only","deepCampaignExpansionState","DeepCampaignSimulationSystemTest","Faction identity and politics are descriptive state, not live simulation."
"23","23.3 Pirate, Mercenary, And Neutral Powers","Add bounty hunters who pursue named captains.","MODELED_ONLY","DeepCampaignSimulationSystem","compact readout API only","deepCampaignExpansionState","DeepCampaignSimulationSystemTest","Faction identity and politics are descriptive state, not live simulation."
"23","23.3 Pirate, Mercenary, And Neutral Powers","Add neutral powers that can be courted into coalition wars.","MODELED_ONLY","DeepCampaignSimulationSystem","compact readout API only","deepCampaignExpansionState","DeepCampaignSimulationSystemTest","Faction identity and politics are descriptive state, not live simulation."
"24","24.1 Strategic Crises","Add fuel crises that force painful route and fleet-priority decisions.","MODELED_ONLY","DeepCampaignSimulationSystem","compact readout API only","deepCampaignExpansionState","DeepCampaignSimulationSystemTest","Crises and recovery options require live triggers and choices."
"24","24.1 Strategic Crises","Add ammunition shortages that change viable ship mixes.","MODELED_ONLY","DeepCampaignSimulationSystem","compact readout API only","deepCampaignExpansionState","DeepCampaignSimulationSystemTest","Crises and recovery options require live triggers and choices."
"24","24.1 Strategic Crises","Add repair-material shortages after major offensives.","MODELED_ONLY","DeepCampaignSimulationSystem","compact readout API only","deepCampaignExpansionState","DeepCampaignSimulationSystemTest","Crises and recovery options require live triggers and choices."
"24","24.1 Strategic Crises","Add crew-replacement shortages after casualty-heavy battles.","MODELED_ONLY","DeepCampaignSimulationSystem","compact readout API only","deepCampaignExpansionState","DeepCampaignSimulationSystemTest","Crises and recovery options require live triggers and choices."
"24","24.1 Strategic Crises","Add refugee crises that compete with military logistics.","MODELED_ONLY","DeepCampaignSimulationSystem","compact readout API only","deepCampaignExpansionState","DeepCampaignSimulationSystemTest","Crises and recovery options require live triggers and choices."
"24","24.1 Strategic Crises","Add station epidemics and quarantine decisions.","MODELED_ONLY","DeepCampaignSimulationSystem","compact readout API only","deepCampaignExpansionState","DeepCampaignSimulationSystemTest","Crises and recovery options require live triggers and choices."
"24","24.1 Strategic Crises","Add mutinies and command legitimacy crises.","MODELED_ONLY","DeepCampaignSimulationSystem","compact readout API only","deepCampaignExpansionState","DeepCampaignSimulationSystemTest","Crises and recovery options require live triggers and choices."
"24","24.1 Strategic Crises","Add intelligence leaks that expose player operations.","MODELED_ONLY","DeepCampaignSimulationSystem","compact readout API only","deepCampaignExpansionState","DeepCampaignSimulationSystemTest","Crises and recovery options require live triggers and choices."
"24","24.1 Strategic Crises","Add supply-chain sabotage investigations.","MODELED_ONLY","DeepCampaignSimulationSystem","compact readout API only","deepCampaignExpansionState","DeepCampaignSimulationSystemTest","Crises and recovery options require live triggers and choices."
"24","24.1 Strategic Crises","Add cascading front-line collapse when several hubs fall quickly.","MODELED_ONLY","DeepCampaignSimulationSystem","compact readout API only","deepCampaignExpansionState","DeepCampaignSimulationSystemTest","Crises and recovery options require live triggers and choices."
"24","24.1 Strategic Crises","Add emergency coalition summits during existential threats.","MODELED_ONLY","DeepCampaignSimulationSystem","compact readout API only","deepCampaignExpansionState","DeepCampaignSimulationSystemTest","Crises and recovery options require live triggers and choices."
"24","24.1 Strategic Crises","Add crisis postmortems that record the player's response.","MODELED_ONLY","DeepCampaignSimulationSystem","compact readout API only","deepCampaignExpansionState","DeepCampaignSimulationSystemTest","Crises and recovery options require live triggers and choices."
"24","24.2 Recovery Play","Add fighting withdrawals where preserving ships is a meaningful victory.","MODELED_ONLY","DeepCampaignSimulationSystem","compact readout API only","deepCampaignExpansionState","DeepCampaignSimulationSystemTest","Crises and recovery options require live triggers and choices."
"24","24.2 Recovery Play","Add fleet rebuilding plans after catastrophic losses.","MODELED_ONLY","DeepCampaignSimulationSystem","compact readout API only","deepCampaignExpansionState","DeepCampaignSimulationSystemTest","Crises and recovery options require live triggers and choices."
"24","24.2 Recovery Play","Add emergency loans with political strings attached.","MODELED_ONLY","DeepCampaignSimulationSystem","compact readout API only","deepCampaignExpansionState","DeepCampaignSimulationSystemTest","Crises and recovery options require live triggers and choices."
"24","24.2 Recovery Play","Add reserve mothballed hulls that can be reactivated slowly.","MODELED_ONLY","DeepCampaignSimulationSystem","compact readout API only","deepCampaignExpansionState","DeepCampaignSimulationSystemTest","Crises and recovery options require live triggers and choices."
"24","24.2 Recovery Play","Add civilian requisition choices with reputation consequences.","MODELED_ONLY","DeepCampaignSimulationSystem","compact readout API only","deepCampaignExpansionState","DeepCampaignSimulationSystemTest","Crises and recovery options require live triggers and choices."
"24","24.2 Recovery Play","Add improvised repairs that create future reliability risks.","MODELED_ONLY","DeepCampaignSimulationSystem","compact readout API only","deepCampaignExpansionState","DeepCampaignSimulationSystemTest","Crises and recovery options require live triggers and choices."
"24","24.2 Recovery Play","Add salvage expeditions to recover lost strategic assets.","MODELED_ONLY","DeepCampaignSimulationSystem","compact readout API only","deepCampaignExpansionState","DeepCampaignSimulationSystemTest","Crises and recovery options require live triggers and choices."
"24","24.2 Recovery Play","Add prisoner exchanges.","MODELED_ONLY","DeepCampaignSimulationSystem","compact readout API only","deepCampaignExpansionState","DeepCampaignSimulationSystemTest","Crises and recovery options require live triggers and choices."
"24","24.2 Recovery Play","Add negotiated humanitarian corridors.","MODELED_ONLY","DeepCampaignSimulationSystem","compact readout API only","deepCampaignExpansionState","DeepCampaignSimulationSystemTest","Crises and recovery options require live triggers and choices."
"24","24.2 Recovery Play","Add comeback objectives for campaigns where the player loses key regions.","MODELED_ONLY","DeepCampaignSimulationSystem","compact readout API only","deepCampaignExpansionState","DeepCampaignSimulationSystemTest","Crises and recovery options require live triggers and choices."
"24","24.2 Recovery Play","Add graceful campaign defeat states that produce an epilogue instead of a hard stop.","MODELED_ONLY","DeepCampaignSimulationSystem","compact readout API only","deepCampaignExpansionState","DeepCampaignSimulationSystemTest","Crises and recovery options require live triggers and choices."
"24","24.2 Recovery Play","Add ""continue the resistance"" branches after formal defeat.","MODELED_ONLY","DeepCampaignSimulationSystem","compact readout API only","deepCampaignExpansionState","DeepCampaignSimulationSystemTest","Crises and recovery options require live triggers and choices."
"25","25.1 Endgame Structures","Add multiple endgame crises selected by campaign history.","MODELED_ONLY","DeepCampaignSimulationSystem","compact readout API only","deepCampaignExpansionState","DeepCampaignSimulationSystemTest","Endgames and challenges are not launchable campaign flows."
"25","25.1 Endgame Structures","Add final offensives that require several coordinated operations.","MODELED_ONLY","DeepCampaignSimulationSystem","compact readout API only","deepCampaignExpansionState","DeepCampaignSimulationSystemTest","Endgames and challenges are not launchable campaign flows."
"25","25.1 Endgame Structures","Add defensive endgames around evacuation, survival, or delaying actions.","MODELED_ONLY","DeepCampaignSimulationSystem","compact readout API only","deepCampaignExpansionState","DeepCampaignSimulationSystemTest","Endgames and challenges are not launchable campaign flows."
"25","25.1 Endgame Structures","Add diplomatic endgames where coalition cohesion matters.","MODELED_ONLY","DeepCampaignSimulationSystem","compact readout API only","deepCampaignExpansionState","DeepCampaignSimulationSystemTest","Endgames and challenges are not launchable campaign flows."
"25","25.1 Endgame Structures","Add rogue-AI escalation endgames with rapidly changing tactical rules.","MODELED_ONLY","DeepCampaignSimulationSystem","compact readout API only","deepCampaignExpansionState","DeepCampaignSimulationSystemTest","Endgames and challenges are not launchable campaign flows."
"25","25.1 Endgame Structures","Add economic endgames where the war is won by exhaustion and blockade.","MODELED_ONLY","DeepCampaignSimulationSystem","compact readout API only","deepCampaignExpansionState","DeepCampaignSimulationSystemTest","Endgames and challenges are not launchable campaign flows."
"25","25.1 Endgame Structures","Add titan-construction races visible on the strategic map.","MODELED_ONLY","DeepCampaignSimulationSystem","compact readout API only","deepCampaignExpansionState","DeepCampaignSimulationSystemTest","Endgames and challenges are not launchable campaign flows."
"25","25.1 Endgame Structures","Add faction-collapse thresholds and surrender negotiations.","MODELED_ONLY","DeepCampaignSimulationSystem","compact readout API only","deepCampaignExpansionState","DeepCampaignSimulationSystemTest","Endgames and challenges are not launchable campaign flows."
"25","25.1 Endgame Structures","Add optional post-victory cleanup operations.","MODELED_ONLY","DeepCampaignSimulationSystem","compact readout API only","deepCampaignExpansionState","DeepCampaignSimulationSystemTest","Endgames and challenges are not launchable campaign flows."
"25","25.1 Endgame Structures","Add a final command review with maps, losses, rescues, and defining decisions.","MODELED_ONLY","DeepCampaignSimulationSystem","compact readout API only","deepCampaignExpansionState","DeepCampaignSimulationSystemTest","Endgames and challenges are not launchable campaign flows."
"25","25.2 Campaign Legacy","Generate a campaign chronicle from major events.","MODELED_ONLY","DeepCampaignSimulationSystem","compact readout API only","deepCampaignExpansionState","DeepCampaignSimulationSystemTest","Endgames and challenges are not launchable campaign flows."
"25","25.2 Campaign Legacy","Preserve notable ships and officers in a hall of records.","MODELED_ONLY","DeepCampaignSimulationSystem","compact readout API only","deepCampaignExpansionState","DeepCampaignSimulationSystemTest","Endgames and challenges are not launchable campaign flows."
"25","25.2 Campaign Legacy","Add lineage bonuses that are flavorful but not mandatory.","MODELED_ONLY","DeepCampaignSimulationSystem","compact readout API only","deepCampaignExpansionState","DeepCampaignSimulationSystemTest","Endgames and challenges are not launchable campaign flows."
"25","25.2 Campaign Legacy","Add unlockable historical scenarios based on completed campaigns.","MODELED_ONLY","DeepCampaignSimulationSystem","compact readout API only","deepCampaignExpansionState","DeepCampaignSimulationSystemTest","Endgames and challenges are not launchable campaign flows."
"25","25.2 Campaign Legacy","Add defeated rival captains as future scenario opponents.","MODELED_ONLY","DeepCampaignSimulationSystem","compact readout API only","deepCampaignExpansionState","DeepCampaignSimulationSystemTest","Endgames and challenges are not launchable campaign flows."
"25","25.2 Campaign Legacy","Add persistent memorial names for stations and ships.","MODELED_ONLY","DeepCampaignSimulationSystem","compact readout API only","deepCampaignExpansionState","DeepCampaignSimulationSystemTest","Endgames and challenges are not launchable campaign flows."
"25","25.2 Campaign Legacy","Add exportable fleet rosters and battle summaries.","MODELED_ONLY","DeepCampaignSimulationSystem","compact readout API only","deepCampaignExpansionState","DeepCampaignSimulationSystemTest","Endgames and challenges are not launchable campaign flows."
"25","25.2 Campaign Legacy","Add campaign comparison screens across different seeds.","MODELED_ONLY","DeepCampaignSimulationSystem","compact readout API only","deepCampaignExpansionState","DeepCampaignSimulationSystemTest","Endgames and challenges are not launchable campaign flows."
"25","25.2 Campaign Legacy","Add player-authored campaign notes.","MODELED_ONLY","DeepCampaignSimulationSystem","compact readout API only","deepCampaignExpansionState","DeepCampaignSimulationSystemTest","Endgames and challenges are not launchable campaign flows."
"25","25.2 Campaign Legacy","Add a compact share code for seed, difficulty, and major modifiers.","MODELED_ONLY","DeepCampaignSimulationSystem","compact readout API only","deepCampaignExpansionState","DeepCampaignSimulationSystemTest","Endgames and challenges are not launchable campaign flows."
"25","25.3 Challenge Modes","Add a one-fleet survival campaign.","MODELED_ONLY","DeepCampaignSimulationSystem","compact readout API only","deepCampaignExpansionState","DeepCampaignSimulationSystemTest","Endgames and challenges are not launchable campaign flows."
"25","25.3 Challenge Modes","Add a no-replacement iron fleet challenge.","MODELED_ONLY","DeepCampaignSimulationSystem","compact readout API only","deepCampaignExpansionState","DeepCampaignSimulationSystemTest","Endgames and challenges are not launchable campaign flows."
"25","25.3 Challenge Modes","Add a civilian-protection challenge campaign.","MODELED_ONLY","DeepCampaignSimulationSystem","compact readout API only","deepCampaignExpansionState","DeepCampaignSimulationSystemTest","Endgames and challenges are not launchable campaign flows."
"25","25.3 Challenge Modes","Add a logistics-starvation challenge campaign.","MODELED_ONLY","DeepCampaignSimulationSystem","compact readout API only","deepCampaignExpansionState","DeepCampaignSimulationSystemTest","Endgames and challenges are not launchable campaign flows."
"25","25.3 Challenge Modes","Add a stealth-and-intelligence challenge campaign.","MODELED_ONLY","DeepCampaignSimulationSystem","compact readout API only","deepCampaignExpansionState","DeepCampaignSimulationSystemTest","Endgames and challenges are not launchable campaign flows."
"25","25.3 Challenge Modes","Add a pirate-privateer challenge campaign.","MODELED_ONLY","DeepCampaignSimulationSystem","compact readout API only","deepCampaignExpansionState","DeepCampaignSimulationSystemTest","Endgames and challenges are not launchable campaign flows."
"25","25.3 Challenge Modes","Add a titan-race challenge campaign.","MODELED_ONLY","DeepCampaignSimulationSystem","compact readout API only","deepCampaignExpansionState","DeepCampaignSimulationSystemTest","Endgames and challenges are not launchable campaign flows."
"25","25.3 Challenge Modes","Add a shattered-alliance challenge campaign.","MODELED_ONLY","DeepCampaignSimulationSystem","compact readout API only","deepCampaignExpansionState","DeepCampaignSimulationSystemTest","Endgames and challenges are not launchable campaign flows."
"25","25.3 Challenge Modes","Add score breakdowns that reward different command styles.","MODELED_ONLY","DeepCampaignSimulationSystem","compact readout API only","deepCampaignExpansionState","DeepCampaignSimulationSystemTest","Endgames and challenges are not launchable campaign flows."
"25","25.3 Challenge Modes","Add curated monthly challenge scenarios.","MODELED_ONLY","DeepCampaignSimulationSystem","compact readout API only","deepCampaignExpansionState","DeepCampaignSimulationSystemTest","Endgames and challenges are not launchable campaign flows."
"26","26.1 Data-Driven Content","Move hull definitions into validated external data files.","MODELED_ONLY","CommunityContentSystem; config/content-pack","compact readout API only","communityContentState","CommunityContentSystemTest","CSV examples and editor backend are not loaded or rendered by production UI."
"26","26.1 Data-Driven Content","Move weapon definitions into validated external data files.","MODELED_ONLY","CommunityContentSystem; config/content-pack","compact readout API only","communityContentState","CommunityContentSystemTest","CSV examples and editor backend are not loaded or rendered by production UI."
"26","26.1 Data-Driven Content","Move faction doctrines into validated external data files.","MODELED_ONLY","CommunityContentSystem; config/content-pack","compact readout API only","communityContentState","CommunityContentSystemTest","CSV examples and editor backend are not loaded or rendered by production UI."
"26","26.1 Data-Driven Content","Move station modules into validated external data files.","MODELED_ONLY","CommunityContentSystem; config/content-pack","compact readout API only","communityContentState","CommunityContentSystemTest","CSV examples and editor backend are not loaded or rendered by production UI."
"26","26.1 Data-Driven Content","Move contracts and mission templates into validated external data files.","MODELED_ONLY","CommunityContentSystem; config/content-pack","compact readout API only","communityContentState","CommunityContentSystemTest","CSV examples and editor backend are not loaded or rendered by production UI."
"26","26.1 Data-Driven Content","Move dialogue bark pools into validated external data files.","MODELED_ONLY","CommunityContentSystem; config/content-pack","compact readout API only","communityContentState","CommunityContentSystemTest","CSV examples and editor backend are not loaded or rendered by production UI."
"26","26.1 Data-Driven Content","Add schema versions and migration helpers for content packs.","MODELED_ONLY","CommunityContentSystem; config/content-pack","compact readout API only","communityContentState","CommunityContentSystemTest","CSV examples and editor backend are not loaded or rendered by production UI."
"26","26.1 Data-Driven Content","Add clear validation errors with file and field names.","MODELED_ONLY","CommunityContentSystem; config/content-pack","compact readout API only","communityContentState","CommunityContentSystemTest","CSV examples and editor backend are not loaded or rendered by production UI."
"26","26.1 Data-Driven Content","Add hot reload for selected development-time data.","MODELED_ONLY","CommunityContentSystem; config/content-pack","compact readout API only","communityContentState","CommunityContentSystemTest","CSV examples and editor backend are not loaded or rendered by production UI."
"26","26.1 Data-Driven Content","Add a content-pack dependency manifest.","MODELED_ONLY","CommunityContentSystem; config/content-pack","compact readout API only","communityContentState","CommunityContentSystemTest","CSV examples and editor backend are not loaded or rendered by production UI."
"26","26.2 Scenario Tools","Add a visual battlefield template editor.","MODELED_ONLY","CommunityContentSystem; config/content-pack","compact readout API only","communityContentState","CommunityContentSystemTest","CSV examples and editor backend are not loaded or rendered by production UI."
"26","26.2 Scenario Tools","Add drag-and-drop fleet composition for scenarios.","MODELED_ONLY","CommunityContentSystem; config/content-pack","compact readout API only","communityContentState","CommunityContentSystemTest","CSV examples and editor backend are not loaded or rendered by production UI."
"26","26.2 Scenario Tools","Add objective placement and trigger editing.","MODELED_ONLY","CommunityContentSystem; config/content-pack","compact readout API only","communityContentState","CommunityContentSystemTest","CSV examples and editor backend are not loaded or rendered by production UI."
"26","26.2 Scenario Tools","Add environment-hazard placement.","MODELED_ONLY","CommunityContentSystem; config/content-pack","compact readout API only","communityContentState","CommunityContentSystemTest","CSV examples and editor backend are not loaded or rendered by production UI."
"26","26.2 Scenario Tools","Add timeline scripting for reinforcements and events.","MODELED_ONLY","CommunityContentSystem; config/content-pack","compact readout API only","communityContentState","CommunityContentSystemTest","CSV examples and editor backend are not loaded or rendered by production UI."
"26","26.2 Scenario Tools","Add branching victory and failure conditions.","MODELED_ONLY","CommunityContentSystem; config/content-pack","compact readout API only","communityContentState","CommunityContentSystemTest","CSV examples and editor backend are not loaded or rendered by production UI."
"26","26.2 Scenario Tools","Add test-play launch directly from the editor.","MODELED_ONLY","CommunityContentSystem; config/content-pack","compact readout API only","communityContentState","CommunityContentSystemTest","CSV examples and editor backend are not loaded or rendered by production UI."
"26","26.2 Scenario Tools","Add deterministic scenario seeds.","MODELED_ONLY","CommunityContentSystem; config/content-pack","compact readout API only","communityContentState","CommunityContentSystemTest","CSV examples and editor backend are not loaded or rendered by production UI."
"26","26.2 Scenario Tools","Add scenario thumbnails and metadata.","MODELED_ONLY","CommunityContentSystem; config/content-pack","compact readout API only","communityContentState","CommunityContentSystemTest","CSV examples and editor backend are not loaded or rendered by production UI."
"26","26.2 Scenario Tools","Add import and export for standalone scenario packs.","MODELED_ONLY","CommunityContentSystem; config/content-pack","compact readout API only","communityContentState","CommunityContentSystemTest","CSV examples and editor backend are not loaded or rendered by production UI."
"26","26.3 Community Features","Add shareable fleet doctrine codes.","MODELED_ONLY","CommunityContentSystem; config/content-pack","compact readout API only","communityContentState","CommunityContentSystemTest","CSV examples and editor backend are not loaded or rendered by production UI."
"26","26.3 Community Features","Add shareable custom battle setups.","MODELED_ONLY","CommunityContentSystem; config/content-pack","compact readout API only","communityContentState","CommunityContentSystemTest","CSV examples and editor backend are not loaded or rendered by production UI."
"26","26.3 Community Features","Add shareable campaign challenge codes.","MODELED_ONLY","CommunityContentSystem; config/content-pack","compact readout API only","communityContentState","CommunityContentSystemTest","CSV examples and editor backend are not loaded or rendered by production UI."
"26","26.3 Community Features","Add mod compatibility diagnostics.","MODELED_ONLY","CommunityContentSystem; config/content-pack","compact readout API only","communityContentState","CommunityContentSystemTest","CSV examples and editor backend are not loaded or rendered by production UI."
"26","26.3 Community Features","Add a safe-mode launcher that disables content packs.","MODELED_ONLY","CommunityContentSystem; config/content-pack","compact readout API only","communityContentState","CommunityContentSystemTest","CSV examples and editor backend are not loaded or rendered by production UI."
"26","26.3 Community Features","Add content-pack load ordering.","MODELED_ONLY","CommunityContentSystem; config/content-pack","compact readout API only","communityContentState","CommunityContentSystemTest","CSV examples and editor backend are not loaded or rendered by production UI."
"26","26.3 Community Features","Add per-save content-pack manifests.","MODELED_ONLY","CommunityContentSystem; config/content-pack","compact readout API only","communityContentState","CommunityContentSystemTest","CSV examples and editor backend are not loaded or rendered by production UI."
"26","26.3 Community Features","Add replay validation when mods are missing.","MODELED_ONLY","CommunityContentSystem; config/content-pack","compact readout API only","communityContentState","CommunityContentSystemTest","CSV examples and editor backend are not loaded or rendered by production UI."
"26","26.3 Community Features","Add a curated featured-scenario menu.","MODELED_ONLY","CommunityContentSystem; config/content-pack","compact readout API only","communityContentState","CommunityContentSystemTest","CSV examples and editor backend are not loaded or rendered by production UI."
"26","26.3 Community Features","Add a local scenario rating and notes system.","MODELED_ONLY","CommunityContentSystem; config/content-pack","compact readout API only","communityContentState","CommunityContentSystemTest","CSV examples and editor backend are not loaded or rendered by production UI."
"27","","Command network, standing orders, and cohesion design.","DESIGN_ONLY","docs/ADDITIONAL_CANDIDATE_EXTRACTION_PACKS.md","documentation index","n/a","CommunityContentSystemTest","Index entries are planning references."
"27","","Living stations and evolving battlefield locations roadmap.","DESIGN_ONLY","docs/ADDITIONAL_CANDIDATE_EXTRACTION_PACKS.md","documentation index","n/a","CommunityContentSystemTest","Index entries are planning references."
"27","","Officer careers, fleet culture, and civilian-life narrative plan.","DESIGN_ONLY","docs/ADDITIONAL_CANDIDATE_EXTRACTION_PACKS.md","documentation index","n/a","CommunityContentSystemTest","Index entries are planning references."
"27","","Multi-phase operations and intelligence-analysis design.","DESIGN_ONLY","docs/ADDITIONAL_CANDIDATE_EXTRACTION_PACKS.md","documentation index","n/a","CommunityContentSystemTest","Index entries are planning references."
"27","","Environmental hazards and resource-ecology simulation plan.","DESIGN_ONLY","docs/ADDITIONAL_CANDIDATE_EXTRACTION_PACKS.md","documentation index","n/a","CommunityContentSystemTest","Index entries are planning references."
"27","","Asymmetric faction identity and internal-politics roadmap.","DESIGN_ONLY","docs/ADDITIONAL_CANDIDATE_EXTRACTION_PACKS.md","documentation index","n/a","CommunityContentSystemTest","Index entries are planning references."
"27","","Strategic crisis and recovery-play design.","DESIGN_ONLY","docs/ADDITIONAL_CANDIDATE_EXTRACTION_PACKS.md","documentation index","n/a","CommunityContentSystemTest","Index entries are planning references."
"27","","Endgame, campaign chronicle, and challenge-mode roadmap.","DESIGN_ONLY","docs/ADDITIONAL_CANDIDATE_EXTRACTION_PACKS.md","documentation index","n/a","CommunityContentSystemTest","Index entries are planning references."
"27","","Data-driven content conversion plan.","DESIGN_ONLY","docs/ADDITIONAL_CANDIDATE_EXTRACTION_PACKS.md","documentation index","n/a","CommunityContentSystemTest","Index entries are planning references."
"27","","Scenario editor and community-content roadmap.","DESIGN_ONLY","docs/ADDITIONAL_CANDIDATE_EXTRACTION_PACKS.md","documentation index","n/a","CommunityContentSystemTest","Index entries are planning references."
